txid,type,timestamp,network fee,memo,Decentralized Pix,Liquid Bitcoin,BRX Asset,Tether USD
c14739a3e46b962ad201a4933925af10c259804ee47f73033a27aa125a57306d,Received,2025-10-14 22:56:10,0.00000033,,0.00000000,0.00000000,0.00,25.10346741
2d9b4a1a5ae5faf87e3500cef32fc107000a265233d6454552e3f44ecfcc7410,Received,2025-10-14 22:56:10,0.00000047,,0.00000000,0.00000000,0.00,1.00000000
c82ca505ee2df1e78d25ba12c51d2038fe3a4b6c9d2354f906131f6544b2b07f,Received,2025-10-14 22:57:10,0.00000029,,0.00000000,0.06746375,0.00,0.00000000
c782bf8df553dda489dc4e335f57c72955d1809d4779bb5c9e718cc43231e445,Swap,2025-10-16 12:52:10,0.00000224,,0.00000000,-0.06746375,0.00,7389.97748841
0e7a8b7e5656e8b0ee2ae79743a22e733744f9aae8821fa04396660311f408c5,Swap,2025-10-16 12:56:10,0.00000046,,0.00000000,0.00003400,0.00,-3.69372706
352f5ff6a471d912d29349f72798dbb04d44e81e943840cb32652dda1ea132bc,Sent,2025-10-16 13:00:10,0.00000047,,0.00000000,-0.00000047,0.00,-7412.38722876
81b2eb5a3bef9f9fc826b154ef340acd98e6ba87d3a1327244dcf552d6913ced,Received,2025-10-16 13:11:10,0.00000257,,0.00000000,0.06817257,0.00,0.00000000
5e0cbed94d5dc38ce8d3d44eb05e83ab6b958c33749e8cb15c496df925ead36e,Swap,2025-10-16 13:32:10,0.00000073,,0.00000000,-0.00791166,0.00,857.13056225
093275347d74184903cb7360db32d3c90aa7c09effecdd438c3e2a9bc89162a2,Swap,2025-10-16 13:33:10,0.00000053,,0.00000000,-0.00009217,0.00,10.00000000
040c937b9c7326c69130c42dea36d751ebd5290f90a85516b42580714bbace08,Swap,2025-10-16 13:34:10,0.00000074,,0.00000000,-0.06020227,0.00,6525.43451953
c5421f157f9539fe58317b37b72a72dcb4988d6bf21e696b3d1ec465fdb62fc6,Swap,2025-10-16 13:39:10,0.00000053,,0.00000000,0.00000058,0.00,-0.15000000
743a2b3231d7b6ca0a765851bd73de31f217e089523a7fd97727b5edd5802edb,Sent,2025-10-16 13:40:10,0.00000047,,0.00000000,-0.00000047,0.00,-7392.41508178
f0d2009592926b7d78706e855fbea0cb2926729f50e8f49d30f42572ab59903e,Received,2025-10-16 13:45:10,0.00000257,,0.00000000,0.06818255,0.00,0.00000000
3bd78e7af1a0c7baab7dedc4ae1e7b4922cf787cd9605c09d24045788ed6af12,Swap,2025-10-16 18:17:10,0.00000137,,0.00000000,-0.06818266,0.00,7411.42633483
5b08cb86a97c54fddc714e09649f531ffb7b3ccf82a1105cc9260b0ae9138de9,Swap,2025-10-16 18:21:10,0.00000055,,0.00000000,0.00000058,0.00,-0.15000000
67028688c1d87e126e70fc5c5e09df360e44854a57ee58cd45cca4d5e07ef634,Sent,2025-10-16 18:21:10,0.00000033,,0.00000000,-0.00000033,0.00,-7411.27633483
e60734de72b53aad7a9866ae1a85a8f9d763e8867936326c61780e4dd64cba61,Received,2025-10-16 18:29:10,0.00000257,,0.00000000,0.06850207,0.00,0.00000000
b6d78a1551d6fdc74fe537eaeb8d8f8a55cf9ca4619d081a865f5df123d8bd24,Swap,2025-10-17 13:04:10,0.00000172,,0.00000000,-0.00405514,0.00,437.51638880
8d471192e2f80933a0b10f5de12e72f375733872ae8be88936c61a2f1cdb7a0f,Swap,2025-10-17 13:08:10,0.00000134,,0.00000000,0.00409704,0.00,-437.51624391
162ad9039d1076ccd49a08ac3b0d54686ee0157b22fe256d47a6a39f0a7e6739,Swap,2025-10-17 18:10:10,0.00000185,,0.00000000,-0.06854422,0.00,7389.84660650
fab5edad83c682fdbb0be335a3bf0cd5d086eed673c8eb288abe375a913e27a2,Swap,2025-10-17 18:30:10,0.00000053,,0.00000000,0.00000059,0.00,-0.15000000
8c5a1ca3004e4fbdcefef0b7e638e924bc796a6eedae02a298833aca15460192,Sent,2025-10-17 18:30:10,0.00000040,,0.00000000,-0.00000040,0.00,-7389.69675139
4bce390897db86b9a8bf1dcbf999cd6bcbdc41cd32a69badf2632bb0afdfff5e,Received,2025-10-17 18:36:10,0.00000257,,0.00000000,0.06868180,0.00,0.00000000
f3e4c03d80f1352e827015b1ad5647af7b3e3dd78154cac30dcb373daba06355,Swap,2025-10-18 19:28:10,0.00000226,,0.00000000,-0.06868199,0.00,7403.31927164
b5219f96ec5b29849b10417af41bb9227d5219bcd355b106571346a786581358,Sent,2025-10-18 19:30:10,0.00000033,,0.00000000,-0.00000033,0.00,-7403.16927164
0853242561ff26ad4c3987caedb49ef90942ad448d769116c3fda799b07db905,Swap,2025-10-18 19:30:10,0.00000053,,0.00000000,0.00000059,0.00,-0.15000000
0bd60b4d9ba3de7418d2b771582e5b9f58be9a18aeff5f20721991a9aef4bac9,Received,2025-10-18 19:38:10,0.00000257,,0.00000000,0.06893142,0.00,0.00000000
26abe99ba1683590375e981e99ebe86abb8123a0fae5b4c7852a84083a184b7a,Swap,2025-10-19 14:19:10,0.00000119,,0.00000000,-0.06822851,0.00,7497.74847353
255496b1eafbfce49058ce3e2be21c46253b4627952bd61282f03ced8cede9f2,Swap,2025-10-19 14:22:10,0.00000073,,0.00000000,-0.00070317,0.00,77.06762537
c35dbc7205f744e2127fbc1130f4f7c4b1b733fbc9346090dde22070e3943ae1,Swap,2025-10-19 14:28:10,0.00000053,,0.00000000,0.00000057,0.00,-0.15000000
c9ee2c063417d113e325b895aa0625efe9f1561507dc5f410cc8c6fb39b046c2,Sent,2025-10-19 14:28:10,0.00000040,,0.00000000,-0.00000040,0.00,-7574.66609890
501cb9c4e17abd18dd81ccd46d8ed26b57a34cb816d09a1ef49e7981b155bb5f,Received,2025-10-19 14:34:10,0.00000257,,0.00000000,0.06933083,0.00,0.00000000
328478588616be5a31418b6b1d91ea464176dc18a8f5bba9dbb6379d8d9b9770,Swap,2025-10-19 14:55:10,0.00000117,,0.00000000,-0.06933100,0.00,7604.27087843
39291b8612f09f4ac31c134eacc8cb277ba189dfbf176148b23d502f2c887459,Swap,2025-10-19 14:58:10,0.00000055,,0.00000000,0.00000057,0.00,-0.15000000
1a23fe981c9759dbcfc764a09fd2ff531ff4184939a4da995e1a8475faf79f14,Sent,2025-10-19 14:59:10,0.00000033,,0.00000000,-0.00000033,0.00,-7604.12087843
c731947563a9448bc581c984764c48b41f8f53c7fd35052b0f23af65683c3182,Received,2025-10-19 15:05:10,0.00000272,,0.00000000,0.06955049,0.00,0.00000000
e65ed7f34b47b0e42a0e1539b9d6aee21d95384fc18acfa19efe8f54570e2208,Swap,2025-10-19 15:58:10,0.00000101,,0.00000000,-0.06955073,0.00,7647.94258856
bea199a83975fa0e0772eacd6f1f5190e49bb300ddc122b4bc8adcefef9345af,Swap,2025-10-19 16:03:10,0.00000055,,0.00000000,0.00000057,0.00,-0.15000000
8f200cbbdc742d6134a7ccd51073f1bcba998061b356ff2efa393f7f867063ef,Sent,2025-10-19 16:03:10,0.00000033,,0.00000000,-0.00000033,0.00,-7647.79258856
fc7cb22837539c978a1cb4266ea01c48a30b9aedd9103050266aec2f93b363c6,Received,2025-10-19 16:15:10,0.00000257,,0.00000000,0.07001979,0.00,0.00000000
4542eda59acebb071274a97fa8db96c9b8d0fa05593fd14276d9e7af6a8e04ba,Swap,2025-10-20 04:09:10,0.00000136,,0.00000000,-0.07002003,0.00,7823.39921943
f441498f6504a59dc1adc2eeb5e22cb160037ba05d7d22e1385fa4e83ac37a7f,Swap,2025-10-20 04:12:10,0.00000053,,0.00000000,0.00000054,0.00,-0.15000000
6f504156d9461e2bcf35917c632bbd51f7ca7137a55c275f1bef1a70ef0c9954,Sent,2025-10-20 04:12:10,0.00000033,,0.00000000,-0.00000033,0.00,-7823.24921943
610d58fad5818f9ff937fc0fe448c1b4e146b73d7fd6e9991a2c46e52e70c2af,Received,2025-10-20 04:17:10,0.00000257,,0.00000000,0.07018954,0.00,0.00000000
be8e66cc865f34da41c7fcbab1c6d216822f8e0fdeccd9b7ef4282c9055a10dc,Received,2025-10-20 16:11:10,0.00000026,,0.00000000,0.00352924,0.00,0.00000000
061bc5ad9bbad7df4ae1019bf2ad58e8c40fb505e4838b9e4fb8a0891826d497,Sent,2025-10-20 21:28:10,0.00000033,,0.00000000,-0.00100000,0.00,0.00000000
e7a462a9d4f29c9088450daad63a9a66e6d1cadb9d62a818b5a70597d38ac2f4,Swap,2025-10-21 13:31:10,0.00000199,,0.00000000,-0.07271899,0.00,8308.67647668
3fcbe02796d88f0ccbef3b2a6101e86525cee7f2b15da37c875f535ce2814b3e,Swap,2025-10-21 13:41:10,0.00000053,,0.00000000,0.00000051,0.00,-0.15000000
b4514611c603b805e8b8bc6258045aa60c5908079ee8242360ae2830ed2c8c0b,Sent,2025-10-21 13:42:10,0.00000033,,0.00000000,-0.00000033,0.00,-8308.52647668
71eda3a7ae112ee3104a6a063d84a64a7c897f4e0f53d95feca04b17e167f7ac,Received,2025-10-21 13:56:10,0.00000257,,0.00000000,0.07311514,0.00,0.00000000
bb5b2fc2d327354de67d5b17217fb42626c3eb4a8dfa0202e6ad9be04e8beb4b,Swap,2025-10-21 14:50:10,0.00000053,,0.00000000,-0.07311532,0.00,7989.80454481
2531b429792f8058dbfb51c9489a1efa985ccf3e2faa4f89b2cd5e1eadc0a928,Swap,2025-10-21 14:51:10,0.00000053,,0.00000000,0.00000053,0.00,-0.15000000
bec3b4eb629d1fc71f4c45808902589e8f973ea4e345dd09fd5750f24ab4b598,Sent,2025-10-21 14:52:10,0.00000033,,0.00000000,-0.00000033,0.00,-7989.65454481
bd4614edc53be32a7cffbf285407f3557d3e78e3a3ef50b97176687e1f6a1da7,Received,2025-10-21 14:58:10,0.00000257,,0.00000000,0.07105823,0.00,0.00000000
9d5fafe7955dda780136e603741979951f339ec72a0625a6d6ea6248bcf206f2,Swap,2025-10-21 15:17:10,0.00000137,,0.00000000,-0.05045056,0.00,5673.89773220
5655d9fff81721d6d4c174704b371e2cffb7a392b6029b6094bb0d46f3f33b76,Sent,2025-10-21 15:49:10,0.00000040,,0.00000000,-0.00000040,0.00,-5673.89773220
9cea9631dc72c5cf0f20894d1e56f904adb88b5062f94678b1ee1e2a9b687051,Received,2025-10-21 15:54:10,0.00000257,,0.00000000,0.05062892,0.00,0.00000000
6e13b4d0d275d7368203759b1588c135cfb7f55ee3c2244df270703016d1319d,Swap,2025-10-21 20:08:10,0.00000123,,0.00000000,-0.02918664,0.00,3203.85024362
20289660edd7b7ab9a036de443485fc5b41eef2611b142aa5270c6add9d48f8d,Sent,2025-10-21 20:10:10,0.00000033,,0.00000000,-0.00000033,0.00,-3203.85024362
092335d5db534275bf11080ca35ef3044d189905552d61a8fcef56f50bbf0f95,Received,2025-10-21 20:15:10,0.00000257,,0.00000000,0.02926102,0.00,0.00000000
4fb7346a20fa74083bf5685e5fcf5b6fd8cceecb715c62aed0528f7bb2bad74d,Received,2025-10-22 18:29:10,0.00000033,,0.00000000,0.00000000,0.00,45.51684759
d8ac1fccdec235495cd73566ba138c986f0890fa717d9378f597fddcf25a8103,Received,2025-10-22 23:46:10,0.00000049,,362.47300270,0.00000000,0.00,0.00000000
1a4252693e24d9818086b4ae176c75a61d18e4c30131c166e26e1074e5af757c,Sent,2025-10-22 23:47:10,0.00000033,,0.00000000,-0.00000033,0.00,0.00000000
eef3a36a30cda66666e65ad4da8b27571fdad63d88b4f58f62ec202ab5f1717a,Sent,2025-10-22 23:58:10,0.00000033,,-362.47300270,-0.00000033,0.00,0.00000000
8a3c01c014e288224b1762ca958cf3c05e07905df26ce6c316b1aa5c6f13c6b4,Swap,2025-10-23 22:44:10,0.00000206,,0.00000000,-0.07130978,0.00,7908.65903185
16e0e4c729b83f6ee1c61696d27fabea2b4a680b1f64daa428295a76bb146eb9,Swap,2025-10-23 23:34:10,0.00000053,,0.00000000,0.00000055,0.00,-0.15000000
2527451df474635425687638bfb385d2adbae00fb1580d230740f1c84d31c0d3,Sent,2025-10-23 23:35:10,0.00000040,,0.00000000,-0.00000040,0.00,-7954.02587944
23f72626b87e3402e3b7d5ae01822c8f140c41ff776e8534fa829a67b0599c73,Received,2025-10-23 23:41:10,0.00000257,,0.00000000,0.07187700,0.00,0.00000000
7daff620022d4cf61cc5107bffdcd77c2caadb44e67acfbb22abda1201d2d021,Swap,2025-10-24 22:34:10,0.00000155,,0.00000000,-0.05697895,0.00,6367.38942019
bc4b3b850889cf6716f591a36e64feb84252f1db58dc8293080c99172030277d,Swap,2025-10-24 22:35:10,0.00000114,,0.00000000,-0.01489820,0.00,1663.07510465
f2008932c3122e71e293ceb516b30e870969040bcaf7ef7c7fc2e379860976d7,Swap,2025-10-24 22:49:10,0.00000055,,0.00000000,0.00000054,0.00,-0.15000000
f08dd2f8d64efe08a312feb6bad2a9f2afb669ab5d04475cbb3814ddd6b2363d,Sent,2025-10-24 22:50:10,0.00000040,,0.00000000,-0.00000040,0.00,-8030.31452484
88ed60c8928e162c07dede3d54f99a846b43aad97b84ff373a78b310e85c1d3a,Received,2025-10-24 23:25:10,0.00000026,,0.00000000,0.00087950,0.00,0.00000000
028ae2bbf2a6b3458ac5dc9b8df1fffb70edfc48642b9303d0f74bdc692f6c3a,Received,2025-10-24 23:54:10,0.00000257,,0.00000000,0.07220650,0.00,0.00000000
5d9918ba81f8c7f340cda95def674eefbb825b6e09d8025a9ce86e4c73d196e0,Swap,2025-10-26 09:04:10,0.00000276,,0.00000000,-0.07308614,0.00,8330.42700029
061cfab825ba2ed81e0a1cad510a0ba0d84a5f676d1796bd0b8c35ef6b03cb97,Swap,2025-10-26 09:08:10,0.00000055,,0.00000000,0.00000051,0.00,-0.15000000
48bf923dc8c03c4dc10630e92580aa4bc6d93887dfdc6139e2e556454c9b84a4,Sent,2025-10-26 09:09:10,0.00000033,,0.00000000,-0.00000033,0.00,-8330.27700029
aa03fbb9112337844e9c6d77d7257f4607f6116f15c94edce562b67b1e4e8055,Received,2025-10-26 09:21:10,0.00000257,,0.00000000,0.07310516,0.00,0.00000000
9c46c0e96d746c3ea809d0fc6332f2ed0bdf22ac5062f1340b7bb93aa3b8e847,Swap,2025-10-26 11:11:10,0.00000169,,0.00000000,-0.07310534,0.00,8359.06468319
761aff25a983718f2bc03d4e8d53de18a88ecb0a630c84ee976c83f955b3cb16,Sent,2025-10-26 11:12:10,0.00000033,,0.00000000,-0.00000033,0.00,-8358.91468319
35a915dd68463eb304b69a205254a6578f66c17e25a5126268485d0aa905da0c,Swap,2025-10-26 11:12:10,0.00000053,,0.00000000,0.00000051,0.00,-0.15000000
ba2ec29221d256641e8c6da716a635d9870f96eae867a23127e0c3f5467bc69f,Received,2025-10-26 11:17:10,0.00000288,,0.00000000,0.07340151,0.00,0.00000000
650a7f7dd61e598487a16e8c50d3a60b0ac630126e90edea9de8d30b8f2c388d,Swap,2025-10-29 15:41:10,0.00000053,,0.00000000,-0.00000455,0.00,0.50000000
88537e219ba43af125a1622df203d0ca44ea3bd89f598e20d2d76940638f30e7,Swap,2025-10-29 16:51:10,0.00000087,,0.00000000,-0.00759621,0.00,845.97483650
9a98dc706236d503680d3da3a2278a8207be82c3d03e00d1a42f2533a06fec4d,Swap,2025-10-29 16:55:10,0.00000053,,0.00000000,-0.00000899,0.00,1.00000000
7ce1c87d7634dcfedbf5ec8423e2ec0e0c8e7260d693612c7eb805f2be98da1a,Swap,2025-10-29 20:41:10,0.00000394,,0.00000000,0.00773845,0.00,-847.47383675
f157a0e5193d72dcbdaed3bfa16a333a09a9e91832cf74ae9e40152097bf8e5c,Swap,2025-10-29 20:53:10,0.00000158,,0.00000000,-0.07353039,0.00,8126.85629840
08fdd00cf7b6aceb241362f517447ce63c36d23c018af0b269fe94403dc6b3a8,Sent,2025-10-29 20:59:10,0.00000040,,0.00000000,-0.00000040,0.00,-8126.70729815
061675e3200d27db4c089fde9e664875136dfd3d9c0799985739bee1a29cee73,Swap,2025-10-29 20:59:10,0.00000055,,0.00000000,0.00000056,0.00,-0.15000000
e98aee036843819834a49479bae26bdbd19b6a5992938e7c26d8645a3a38dd84,Received,2025-10-29 21:04:10,0.00000257,,0.00000000,0.07375418,0.00,0.00000000
7e7cdfb9460c229bf590f5b389d4dc104ba58a0be45f66addcb01dbbf4c60923,Sent,2025-10-29 21:08:10,0.00000033,,0.00000000,-0.00000132,0.00,0.00000000
37db4f94a5d4fbf2a612902cbbb8700e3edd53d42988980336a06f1a38b0a3a7,Received,2025-10-29 21:09:10,0.00000033,,0.00000000,0.00000000,0.00,303.94570798
6325bbaf1c387db672f0ca69da1004ce518530a0ce77ae3a05bbf8e2d9a5f03e,Swap,2025-10-30 06:22:10,0.00000053,,19.00000000,-0.00003177,0.00,0.00000000
7b1e79ae49c87855ccad5a226fa4af76940d9626246b3ea8ed202973771fab06,Swap,2025-10-30 06:24:10,0.00000061,,-19.00000000,0.00000000,0.00,3.37074083
97302785f6a204f5386d2dcd78a3419c9b0f5b0c65a169006573764f6ee111ae,Sent,2025-10-30 06:25:10,0.00000046,,0.00000000,-0.00000415,0.00,0.00000000
33b3a9804e7c4bd4c33e90103af407aca6236b88eedeb328f50dec7c2d2b5887,Swap,2025-10-30 06:25:10,0.00000053,,999.00000000,-0.00167264,0.00,0.00000000
fcb14a144164940083ea25458e95c5091074b9090a8fbf3d9ad814fac1d57929,Sent,2025-10-30 06:26:10,0.00000046,,0.00000000,-0.00000415,0.00,0.00000000
887e4ad8061f3f9e045480fdfe9971f23dec0f1da146925d7f548ee9f642231c,Swap,2025-10-30 06:28:10,0.00000046,,-999.00000000,0.00166011,0.00,0.00000000
8756e36c1efff1d0f30eaebcb45655409773900917a0a396e033917ac3f7b47f,Swap,2025-10-30 07:16:10,0.00000103,,0.00000000,-0.02490331,0.00,2750.17714308
624ec872326a9e04f6683aeb1f8514e5d983a83dff2bec37b7899ff3e426b8c3,Sent,2025-10-30 07:35:10,0.00000047,,0.00000000,-0.00000047,0.00,-3057.49359189
99846234d5b49a6a64aa210600eb33fe2615cbbd8a1669e67094904b649aa883,Received,2025-10-30 07:40:10,0.00000257,,0.00000000,0.02769337,0.00,0.00000000
c17d6ced1891b801a7c2b69bd7900d5238c578141ef1b2828a8e7113954ae788,Swap,2025-10-30 16:05:10,0.00000053,,150.00000000,-0.00023676,0.00,0.00000000
5f8b850baab01145902a3df2d6b0e0c0ca0db007d6bd9ddc36a9a31162f1a4cd,Swap,2025-10-30 16:09:10,0.00000046,,-150.00000000,0.00025523,0.00,0.00000000
a0a44e3d2e757f1a1e2ca596f6f4de412bfe9aba835df46b1346fd434ffced4a,Received,2025-10-31 00:22:10,0.00000033,,0.00000000,0.00000000,0.00,79.54911893
108890e158f9673f79c98f878ee964a7b64fd515ab4eac4a39ae29dd323240a0,Swap,2025-10-31 05:54:10,0.00000238,,0.00000000,-0.07650848,0.00,8454.53554301
2508a0e7d24518aba280523eda4ccd6a50717fa214da7d74bb80cb5421db3bcc,Sent,2025-10-31 07:04:10,0.00000040,,0.00000000,-0.00000040,0.00,-8533.93466194
0bde46954d4e40ef1c5cde62197e8b2eeac88f88ffe2088f30317c9102c01536,Swap,2025-10-31 07:04:10,0.00000055,,0.00000000,0.00000056,0.00,-0.15000000
132ccb281a72e5e1925f408976f6b8d35cb81f19adbf6b54caab8ea3241dc77b,Received,2025-10-31 07:10:10,0.00000272,,0.00000000,0.07750854,0.00,0.00000000
7fa7594eb027d4e50b6cd585a69046747340ecefd18411998bd60ac7ae267957,Swap,2025-10-31 09:23:10,0.00000053,,0.00000000,-0.07750870,0.00,8618.21424921
a98c22fdbf8702f5e69a3070a74b77970bb4ee8df25e2104c906db6929493295,Sent,2025-10-31 09:27:10,0.00000033,,0.00000000,-0.00000033,0.00,-8618.06424921
03bc31b73c7d5d3e233ef8a88842035959699ba4b44756b9f053b145aafc1272,Swap,2025-10-31 09:27:10,0.00000053,,0.00000000,0.00000055,0.00,-0.15000000
56f0a2d4a0f9a24dda9e87f634e00cc8c3d3d0720c09f7ca42d64940667dbab4,Received,2025-10-31 11:55:10,0.00000257,,0.00000000,0.07838221,0.00,0.00000000
c4be91adebe16e2f84261b2cb27a064bb5a4746f2723b06aa762a0588cf4559e,Received,2025-10-31 11:58:10,0.00000033,,0.00000000,0.00000000,0.00,36.62000000
944019fb57fa45f5aba4a53e12572916dbeb569e30dc34c746aa4b2b67043f69,Sent,2025-10-31 19:29:10,0.00000040,,0.00000000,-0.00000040,0.00,-36.62000000
90c116c4822e38a12e039a945734798bf0ae1d9e894a4126b7f6859c7b322df7,Swap,2025-11-01 12:34:10,0.00000142,,0.00000000,-0.01504978,0.00,1665.48937798
79e2677de7006609083948107b3875c45bcfa8b109cd61fb043938c219af5b5a,Sent,2025-11-01 12:41:10,0.00000033,,0.00000000,-0.00000033,0.00,-1665.48937798
9a8d80bff97d6841cbbb1dc646809f73c27bf99810fc41c5c43364e797032f09,Received,2025-11-01 12:46:10,0.00000257,,0.00000000,0.01543179,0.00,0.00000000
9308d54079dac2264fe1c9e5c981f7a67850142ea6baa3daeb8a3a3ca5794007,Swap,2025-11-01 20:20:10,0.00000053,,79.00000000,-0.00012152,0.00,0.00000000
4aacf6510e5ad1ee395b137c400c57c61353355a24d61c74afd349eaccfc37cb,Swap,2025-11-01 20:28:10,0.00000046,,-79.00000000,0.00013047,0.00,0.00000000
d7f63468a0f9634c95048ab041454f23c0b7f61693ea5b5bcc8f2101193ab82e,Swap,2025-11-03 09:29:10,0.00000110,,0.00000000,-0.05341517,0.00,5808.13860534
fa14470498259eb4b95c27adfa3c1d92809df964aeda0cbb2131fb7fb2b97ab0,Sent,2025-11-03 09:40:10,0.00000033,,0.00000000,-0.00000033,0.00,-5808.13860534
7a913d6508cdddb863648ba27072df5eff22e6e79d4ad7cee2b85f0013f47b9c,Received,2025-11-03 09:46:10,0.00000257,,0.00000000,0.05373426,0.00,0.00000000
8ef5deb9bd50af1a7de8665e0f02ce8ff22d8469f63ff088069cb997316ea179,Swap,2025-11-03 10:34:10,0.00000053,,0.00000000,-0.00000923,0.00,1.00000000
4cbdc02186c17e72f3d49d0d7bc690bb2396db5db846e457100d9adcbc8db7cb,Sent,2025-11-04 08:55:10,0.00000026,,0.00000000,-0.00000126,0.00,0.00000000
25bf92274cd149e5a3ea5fcbeb5e18a58ab1a8f633babc528b8fa6f9064781f5,Received,2025-11-04 08:56:10,0.00000040,,0.00000000,0.00000000,0.00,59.45444434
86096b85494df4a2ab82bbbeae2795bcacda18251add154cc71e8979301f0862,Swap,2025-11-04 09:04:10,0.00000141,,0.00000000,0.00058083,0.00,-60.45393354
91519bbceca286a096867b43d1abf64dc0b1b7c24e8627d964a72a533bb9de46,Swap,2025-11-04 09:26:10,0.00000242,,0.00000000,-0.07966176,0.00,8324.22908782
bc1e6c9b14d43d52aa789ac53c44a86d2e0c7e9defac5edb2d51849cc4697346,Received,2025-11-04 10:02:10,0.00000392,,0.00000000,0.00000000,0.00,1298.08950000
5d0e500cdc9fc88d3be8482eab3fa83569dd4dcaf0cdd3a22f74843d650a573c,Swap,2025-11-04 10:04:10,0.00000053,,0.00000000,0.00000064,0.00,-0.15000000
8da56f61f0ffc48c2b04294b5f8321bc0881fe1b0496cef3125a3289098157dd,Sent,2025-11-04 10:05:10,0.00000047,,0.00000000,-0.00000047,0.00,-9622.16909862
cee97288a8597e4c325629f7ed13a578ab77795d225b255faf5305964aaca685,Received,2025-11-04 10:26:10,0.00000273,,0.00000000,0.05875671,0.00,0.00000000
bb6d7d1fd925e8856290a3059f79bcade27248360eee28dfa687ee3b95e642aa,Received,2025-11-04 13:41:10,0.00000033,,0.00000000,0.00000000,0.00,133.82269760
649ea0b81fc580c36dfa1d47e4c478ab2a40149b6f80dfd8ffe33f395e0bc0ae,Received,2025-11-04 15:10:10,0.00000217,,226.77833970,0.00000000,0.00,0.00000000
d4018f857831ea2d824f21ab762205d5752f31db21c921e2170e9aa35697fda5,Swap,2025-11-04 16:03:10,0.00000171,,0.00000000,-0.05875688,0.00,5989.79222341
682b061574566648cab04b64a0b361fc90884f4de1d0d5fdd3bee0b6af19c16c,Sent,2025-11-04 16:06:10,0.00000040,,0.00000000,-0.00000040,0.00,-6123.61492101
0140bd8f553e681420fcbe273f35a560004a293ab22b1337cde4624f8b4ba468,Swap,2025-11-04 16:06:10,0.00000046,,-226.77833970,0.00040591,0.00,0.00000000
5f559d3150e5fb2594b3fdaaabc85198d692cb693d5494aacfc044ec3504a072,Received,2025-11-04 16:15:10,0.00000257,,0.00000000,0.06043419,0.00,0.00000000
a8f2cc3a502f1326efe2ebf4e74532daad7234d4075f71601d69fa68294553d9,Swap,2025-11-04 16:41:10,0.00000087,,0.00000000,-0.02122793,0.00,2153.34982514
15e16c64632bf3141369117195ca16450a3aad5b83edf9796395d896280195ae,Swap,2025-11-04 16:45:10,0.00000071,,0.00000000,-0.00022165,0.00,22.43238283
41da0d0f1d337d0c4af22f1ba68d98143f4e9bbd74f7234414aa95059f47caaa,Swap,2025-11-04 16:46:10,0.00000067,,0.00000000,-0.00039831,0.00,40.35662205
10db151c156bb5ca0bbde76001ce8ff6443d75559c40053a1fc0229687d8b7e6,Sent,2025-11-04 16:50:10,0.00000047,,0.00000000,-0.00000047,0.00,-2216.13883002
1192999f33a72f1e338f407dced0222582e40f617154c7f59c23f1c6a1d7b8f0,Received,2025-11-04 16:56:10,0.00000257,,0.00000000,0.02192204,0.00,0.00000000
9e7f8d40f719f61312c8de90917cfad23a4af374d787c9d2f9675f07c0bd1515,Swap,2025-11-05 04:49:10,0.00000134,,0.00000000,-0.06091338,0.00,6239.01464234
8d4a0d3a29fbbe25bc4d3e8f305d9822a0068dca324d3c3568b892974bd159bc,Swap,2025-11-05 05:28:10,0.00000053,,0.00000000,0.00000067,0.00,-0.15000000
ea1b8d6483690d8cb156be3264325f19eb60267fd72bd9b2a6244338790e5f36,Sent,2025-11-05 05:29:10,0.00000033,,0.00000000,-0.00000033,0.00,-6238.86464234
77976db946c70c7b9c331f877455938df8176b710c5d0a809ba8888100af5131,Received,2025-11-05 05:37:10,0.00000257,,0.00000000,0.06138277,0.00,0.00000000
55e785076d10fe7da7a5b22144b696f2defb116931f4ec059d4ba1ea1241e2d7,Swap,2025-11-05 10:51:10,0.00000260,,0.00000000,-0.06138311,0.00,6351.90084013
1986e24fb5b4013bd84e908f427f69572aa48d3d4f0c758ea96b50b0355e26a6,Sent,2025-11-05 11:00:10,0.00000033,,0.00000000,-0.00000033,0.00,-6351.75084013
f10c0b840fb4bc79f8337525e9ae2d71dee09fbaa876fb675d573e29b312dd99,Swap,2025-11-05 11:00:10,0.00000055,,0.00000000,0.00000065,0.00,-0.15000000
6c46eb6532416069b7fe97fdcf591e94a746eeb37321bae2373de36562d3aafb,Received,2025-11-05 11:05:10,0.00000257,,0.00000000,0.06185206,0.00,0.00000000
20d77fa53f0518ead493d3e6dbc184f729a3ad483992fdd062c4d7b1d9db8574,Swap,2025-11-05 11:43:10,0.00000094,,0.00000000,-0.06185238,0.00,6408.54171834
4b8bf60d94b1c321ed8c482f4071cf86a2fb3df7f113f09f1e55e598a744dabf,Received,2025-11-05 12:47:10,0.00000026,,0.00000000,0.00000250,0.00,0.00000000
cdd9cf74040954603f8777fdd4eca9c6e42b772f2487f561900f98be39f8f00a,Sent,2025-11-05 12:50:10,0.00000033,,0.00000000,-0.00000033,0.00,-6408.54171834
9b04024106d171a22183ec2b067d40a682cd718b0f597617570aca0de79cb80a,Received,2025-11-05 12:55:10,0.00000257,,0.00000000,0.06177315,0.00,0.00000000
11d80c0a6711ef47b02fcbcd184aa1699aa481fb252d82a3eb5da458d08f6e9a,Received,2025-11-05 13:41:10,0.00000257,,0.00000000,0.02441055,0.00,0.00000000
7bae28829180528c788c94a905dfbfec26c91ed7608e22f809a517c1ee529f98,Swap,2025-11-05 13:55:10,0.00000060,,0.00000000,-0.08618587,0.00,8999.03445991
56928db8a0436774f0bcf3ad9fd82470489e20f50d6af2f69d21fcd12b47f7e6,Sent,2025-11-05 14:01:10,0.00000033,,0.00000000,-0.00000033,0.00,-8998.88445991
a1162771b93baaa0ca676b059f49c1d9882e9167885be6ce6d082a470269a8aa,Swap,2025-11-05 14:01:10,0.00000053,,0.00000000,0.00000064,0.00,-0.15000000
df6f51787306a584929cff8d36135e7168836a771ec7e931ded2b5b34fde8576,Received,2025-11-05 14:05:10,0.00000257,,0.00000000,0.08650839,0.00,0.00000000
4ff92ecbe12f028fb52aca618cfee07be44a0082e5e314bb769a7a588de3a8a5,Received,2025-11-05 14:27:10,0.00000026,,0.00000000,0.00937919,0.00,0.00000000
018a04117d172a07f26a21b9cd467a69c1d1cccf56fff1cf5f3f98a39aae9157,Swap,2025-11-05 15:14:10,0.00000094,,0.00000000,-0.09588789,0.00,10013.99111142
020ae5307e41ea92f5af5c693994c141b46ff1bb1dc12a4c5ffc73b5341563ab,Swap,2025-11-05 15:32:10,0.00000053,,0.00000000,0.00000063,0.00,-0.15000000
d841dc4adbe5ecc9a62b5da202bf740198172088328335678502a6f34840d17d,Sent,2025-11-05 15:33:10,0.00000033,,0.00000000,-0.00000033,0.00,-10013.84111142
65d32b0dcc925c5c123cf8c15128621861b767e0870da4887ef89f60447f8173,Received,2025-11-05 15:38:10,0.00000257,,0.00000000,0.09611877,0.00,0.00000000
775d88ea104b54635a84164e0e45fef91333f726937d8f2f671abdfb401d476b,Swap,2025-11-06 13:22:10,0.00000053,,0.00000000,-0.00000117,0.00,0.12000000
3621e4c6b86dd5121b4c6e2bf88c56bf983d13f64158a11dd96620c9759e07ad,Swap,2025-11-06 13:32:10,0.00000060,,0.00000000,-0.00000235,0.00,0.24000000
2198dc6d26b441deb4da8a4e95ca45cb3c798e8286ae1e04b69fa78779ecf4cc,Swap,2025-11-06 13:35:10,0.00000046,,0.00000000,-0.00016606,0.00,16.94175036
151925054ffdc5ff7a7d47ec78eb913a3ee0372acc72a336e6f4d41f089ac3b1,Swap,2025-11-06 13:41:10,0.00000060,,0.00000000,-0.00017956,0.00,18.23767421
5b05eca6d70087c9d1eef845b6a0d94b5f87cf77d7b38a49e29775b7c7aa6631,Swap,2025-11-06 13:45:10,0.00000053,,0.00000000,-0.00000991,0.00,1.00000000
1dda1a0f1ba0e1e9b3b066b79c85d9d0dc91d3ef3f79e97b0f1eddb1fe7fe523,Sent,2025-11-06 14:19:10,0.00000026,,0.00000000,-0.00000126,0.00,0.00000000
a7fc90b27336223cf99db2fda862fdbc3bf2321cef9c84e0fc34be9af98f95d4,Received,2025-11-06 14:20:10,0.00000033,,0.00000000,0.00000000,0.00,107.49642416
d899a2d38caffdf7a3bcf28b002c3c27a2c288afd5e6dfa6d92e110a28559ebe,Swap,2025-11-06 17:06:10,0.00000046,,85.34000000,-0.00014268,0.00,0.00000000
a82469850b5c7be32a702d147e171955cc4f153c3f882bbe59635dbbb8abd0f2,Swap,2025-11-06 17:31:10,0.00000046,,-85.34000000,0.00015410,0.00,0.00000000
a28c41e87c9bd66206c709c39a7409c2dbc2ea8705d056e4c28d424e24d40a9b,Swap,2025-11-06 18:41:10,0.00000046,,2.00000000,-0.00000336,0.00,0.00000000
76c635a147613ba98aba63c93cf3df82b969d36a465d3244563c321b44629eb6,Swap,2025-11-07 09:05:10,0.00000267,,0.00000000,0.00144233,0.00,-144.03565320
181d706b268bdc4703f01db63263e11fee573fbaf2631e3150bffb8fd7b42506,Swap,2025-11-07 09:18:10,0.00000046,,62.19000000,-0.00010537,0.00,0.00000000
cd1d8a74bfd5500cbf5b0ac5199fc8427610cd614023bad24b51198447558f4c,Swap,2025-11-07 09:19:10,0.00000053,,-64.19000000,0.00011681,0.00,0.00000000
5f30663c140100a9251849bb0d17d97545985cdb2f8ebe6f52125440b8b3facf,Swap,2025-11-07 09:34:10,0.00000053,,134.81000000,-0.00022920,0.00,0.00000000
93f27cf6784a2c94d0f14c30437bc917adbfac04a46d4fa09d101a1e62010773,Swap,2025-11-07 09:34:10,0.00000067,,131.10000000,-0.00022268,0.00,0.00000000
7c6e8d68d1c0f6e38f3474b4014a4815626632469c81e0f96f1c5b2014fc4e4e,Swap,2025-11-07 09:34:10,0.00000046,,-131.10000000,0.00024002,0.00,0.00000000
7086e2c1e2a58e7d33e8509d3f98ac13be81c51b1216a2a5dff40acb7f4e03cd,Swap,2025-11-07 09:35:10,0.00000046,,95.50000000,-0.00016236,0.00,0.00000000
83fae596fb555a85f369d43ae37fe7789ecc2951d39512004eb5806df6ad0602,Swap,2025-11-07 09:36:10,0.00000053,,-230.31000000,0.00042243,0.00,0.00000000
5d9ccfbcb5177e1ca9a85ac4f93c3932b731a152ebe17804ec8e4d8d7c8729c6,Swap,2025-11-07 09:37:10,0.00000046,,296.61000000,-0.00050401,0.00,0.00000000
73d6e41b49201227cd6e10de8f92b74b78af7506bd55779f63eb7cf33e12a819,Swap,2025-11-07 09:37:10,0.00000074,,999.00000000,-0.00169754,0.00,0.00000000
fb5e52b016b37d9c18191367cef1df3f9d6fc12348c39e5b499e4a05c6b87afd,Swap,2025-11-07 09:38:10,0.00000053,,5968.02000000,-0.01013425,0.00,0.00000000
56738879985f8c2f4ed6e805246038a2e1c2fd1d767fe0ca5ff67117bf8841cb,Swap,2025-11-07 09:42:10,0.00000106,,1772.02183410,-0.00300717,0.00,0.00000000
c5936a6d59ac26244128f13ce268c7e3e9d61c482df4732446868151d2887ee0,Swap,2025-11-07 09:51:10,0.00000067,,-9035.65183410,0.01664420,0.00,0.00000000
6d2484edb79fadd94cef1bf9d42109a1c1d4f89f8c1e7698e8a5a3ca23efbdcf,Swap,2025-11-07 10:04:10,0.00000046,,101.07000000,-0.00017189,0.00,0.00000000
d2a9b05aa375169596a125e5e7002d1b95081106c2cb8d636f0d3d49f7d9d90e,Swap,2025-11-07 10:05:10,0.00000053,,-1092.08000000,0.00201216,0.00,0.00000000
8861fe5cd91f8ea06682c7ebaab45f031a5aea24c48e51927d50f9440ff3a720,Swap,2025-11-07 10:05:10,0.00000046,,991.01000000,-0.00168540,0.00,0.00000000
613641801d4f620f9e50926dd5f331caad997358ac91e265ff06358a77cfb5cb,Swap,2025-11-07 10:08:10,0.00000053,,1315.25000000,-0.00223783,0.00,0.00000000
f913d820bb8c4f2668c487c8c4a8a7f282417ad66140c0edaa5298e23ff40a04,Swap,2025-11-07 10:10:10,0.00000046,,-1315.25000000,0.00241736,0.00,0.00000000
e13ca0236b6e5e2e8c302d266224ab317ae06372b381c95ccd65daa6e35b2b59,Received,2025-11-07 10:12:10,0.00000026,,0.00000000,0.00036984,0.00,0.00000000
dea77cdca33637b4ba865d089bc1cfcb8aa4c07b4a858508b018658619792661,Swap,2025-11-07 11:47:10,0.00000046,,971.01000000,-0.00163508,0.00,0.00000000
7fddb184c491b8d924977f73c2de088ec71d1175b75e384ec34f710205777e1f,Swap,2025-11-07 11:48:10,0.00000046,,-971.01000000,0.00177383,0.00,0.00000000
8744f8bf3d9061dc97a7393ef85397941f3eecc73e0c4a8c5dec0f4846339138,Received,2025-11-07 19:01:10,0.00000392,,0.00000000,0.00000000,0.00,3163.40623722
2ab835d8b87d9b8ac179b2aa5feb15162fca5385332fb69f83001478bd6807fe,Swap,2025-11-08 06:59:10,0.00000237,,0.00000000,0.03104333,0.00,-3163.40612874
7861615aaa49dcab110be3a67dab741257dac465427d0b0eb62d48249e3f7b5d,Received,2025-11-08 15:29:10,0.00000026,,0.00000000,0.00008262,0.00,0.00000000
427b7512cf1ebb1f83d64a6129a1b5347d546e01e6121df02b1b3576106cad75,Sent,2025-11-08 17:58:10,0.00000026,,0.00000000,-0.00007026,0.00,0.00000000
603c99fb4ac4ca2ddfea00e360c6196f1e0943c6943bf500a3ad8c78db9118a9,Received,2025-11-09 10:20:10,0.00000033,,0.00000000,0.00000000,0.00,55.44206766
a7a182e8747a7cd73e4649d4f4dae3b72979a8ce8cd040e865cebb1b173e774d,Swap,2025-11-09 11:31:10,0.00000142,,0.00000000,-0.05246125,0.00,5479.82288163
1265ad8dde2f441510a9fae89f70cd0d15b2e31e7ca1d21a3f5623dbb7ef7c78,Sent,2025-11-09 11:36:10,0.00000047,,0.00000000,-0.00000047,0.00,-5535.26525330
17e138e3eae496a4dbef40f6934768140372c2a8905700d7c75209aa6f46b0f3,Received,2025-11-09 11:42:10,0.00000257,,0.00000000,0.05340153,0.00,0.00000000
a8214e4465ac02f3ce53eee6d851cd84e582a64ca932be782a6d1f838757d647,Swap,2025-11-09 15:19:10,0.00000224,,0.00000000,-0.13140852,0.00,13691.89720255
c7ca69e1b69678e2934a9644ae3d547484bff07123f12ea91adefefe3c986ea4,Swap,2025-11-09 15:20:10,0.00000053,,0.00000000,0.00000064,0.00,-0.15000000
de7466f6c4003fdc1b7bbd5991ace46eb79d98bb85457e04c807a65b08400175,Sent,2025-11-09 15:21:10,0.00000033,,0.00000000,-0.00000033,0.00,-13691.74720255
bff7d2aec13c09cd9a9e4f56c348737e2b778b945197ea3e2abf1d3bcd3155d4,Received,2025-11-09 15:26:10,0.00000288,,0.00000000,0.13201284,0.00,0.00000000
3f8ff7ea03e6e9ddf9f2ca8cedfff331c4cba12feb719bf419ebed15829b2084,Swap,2025-11-09 15:49:10,0.00000105,,0.00000000,-0.13201315,0.00,13778.77682172
d7218743bd133fddc4dc73875fffdbde072897f2784f13a3737be57a28a1f73b,Swap,2025-11-09 18:51:10,0.00000053,,0.00000000,0.00000063,0.00,-0.15000000
b76d472885f9a9aac3619a8d45c2a87704a28915ee421e67c910d3b312683a84,Sent,2025-11-09 18:52:10,0.00000033,,0.00000000,-0.00000033,0.00,-13778.62682172
5f731f9d9da84f107da14793d2785ae11cc79093bcad2880a81bae828806d8f3,Received,2025-11-09 18:57:10,0.00000257,,0.00000000,0.13164321,0.00,0.00000000
47e8fceeb47f4a192add869b457de9e229afa33926f8b56a4107b9efc03b913f,Swap,2025-11-10 00:02:10,0.00000142,,0.00000000,-0.10621323,0.00,11320.76626932
11620ea3291aca62aa7ebd61086959d38ebfefccdbb276156c67b64a843e9026,Sent,2025-11-10 00:28:10,0.00000033,,0.00000000,-0.00000033,0.00,-11320.76626932
5935b84d456a4620db4b162dcbba50e8b36b30cf5d46ecd8d4bd5531a2178e3d,Received,2025-11-10 00:33:10,0.00000257,,0.00000000,0.10672815,0.00,0.00000000
547cd1b3e0e8fba729c832f704b93a50cbb8619e1fd482572b46562d1854aac2,Received,2025-11-13 14:54:10,0.00000392,,0.00000000,0.00000000,0.00,3213.97397495
e7e11dfb8db4e3cccd0f65d9383369b5e489c77b46e41f747d5592f94aeee702,Swap,2025-11-13 15:07:10,0.00000091,,10292.23132878,0.00000000,0.00,-1768.96438904
257614e5b66596460bf46aaa5b289ef6a1486dcf9323546eb4131b25b3f904be,Swap,2025-11-13 15:09:10,0.00000071,,521.91000000,0.00000000,0.00,-89.70093347
3dbeffa2807bd0e5e80abf754acea93eb247f5e2a3cf76b973563bfd22eb394a,Swap,2025-11-13 15:09:10,0.00000053,,-10814.14132878,0.02017329,0.00,0.00000000
9ae0b9ce299113f7fe8a725a554826089d967886872da31041e238f6984cffc7,Swap,2025-11-13 15:10:10,0.00000081,,0.00000000,-0.02017900,0.00,1992.70169704
2a36a91b28ab9c50a62616a19fecc413bb9ede8949e93a6900251bdf4b235442,Swap,2025-11-13 15:29:10,0.00000060,,681.50000000,0.00000000,0.00,-117.03685691
662d07dbe089f1c45e60726d1999905a5a26898a7ebb1f19eff3492abb325469,Swap,2025-11-13 15:34:10,0.00000046,,-681.50000000,0.00127609,0.00,0.00000000
0b5461e3f8534a0779f9e4421e2b0db4a7484d4c61a3791bf7a5ab432912f2b1,Swap,2025-11-13 15:35:10,0.00000046,,0.00000000,-0.00127609,0.00,126.00126000
d440b77aa5b03ea761489fe2c7ff52b11e48bb60bfcafd91250a2516f4776757,Swap,2025-11-13 15:37:10,0.00000136,,3906.62268413,0.00000000,0.00,-670.11621749
2bb978a4b4da5ceecaf598b3f9bd25808c761d2210b8825f068458d89c9d1bee,Swap,2025-11-13 15:40:10,0.00000054,,93.00000000,0.00000000,0.00,-15.96253973
4294b0824f69a987bd56cb5e60a7d4110e307d4932aa373ed88f2d2be0662b9a,Swap,2025-11-13 15:50:10,0.00000053,,-3999.62268413,0.00751783,0.00,0.00000000
77eaedc9cb448685e13c602d62d4dbc574e81d013eab3377e2b5a65a0676ac8d,Swap,2025-11-13 15:50:10,0.00000060,,0.00000000,-0.00751783,0.00,735.17655702
2a5ab89b7b8adbded7d10f04d4710780e8169cc663ba292af49a29f037413bc5,Swap,2025-11-13 15:51:10,0.00000081,,2202.52049785,0.00000000,0.00,-377.91984077
3fc287bda73a34335c23cedc8bbaf0ef8b0cc6133e3176c0743d01d76fad0a92,Swap,2025-11-13 15:52:10,0.00000046,,-2202.52049785,0.00415702,0.00,0.00000000
5e6a753e39b9a99a44e07673c74e4479ced35fd21c76a87fc6cd0b522f81c030,Swap,2025-11-13 15:53:10,0.00000095,,0.00000000,-0.00415702,0.00,405.67944466
d96e620ae22ed49f217bcf8ad3170d1dd811aaf546a92d0be03d41b1ebb24b05,Swap,2025-11-13 15:59:10,0.00000056,,486.50000000,0.00000000,0.00,-83.47460746
960f2ac16281a8cb1ddc16a5a62f9d8923d525374d95bfb9d76228d58699d6ed,Swap,2025-11-13 16:00:10,0.00000046,,-486.50000000,0.00091406,0.00,0.00000000
6f38dc5b725c14d65645ba0a8e63b406f11c0ba4487a35d8ce06e3cf6a3025a2,Swap,2025-11-13 16:01:10,0.00000067,,0.00000000,-0.00091410,0.00,89.40987144
4fffd626fcb103860f800b3518e4b6dae761ab06a66c360a0d0e05e59e65a2da,Swap,2025-11-13 16:18:10,0.00000074,,296.29749447,0.00000000,0.00,-50.82874708
8d03a6d34fb75b44c4e9a8480ebbcbfe112e8f4e6021d0a1e74a1aa3ccb283fb,Swap,2025-11-13 16:19:10,0.00000046,,-296.29749447,0.00055592,0.00,0.00000000
dfe46255cc9608a1aca3e9e7b0f26bc9464223103dfa78a1c977556894d5f856,Swap,2025-11-13 16:20:10,0.00000060,,0.00000000,-0.00055592,0.00,54.33875369
0a114ea87a95e216a704a0bef8128ae1be174227fa0573d6f076405bf9d5bc64,Swap,2025-11-14 09:24:10,0.00000216,,7149.79222525,-0.01277219,0.00,0.00000000
922bc55b1948cb0e9fa3248f8d40e22ec6019d48e3c46727b519cec9ec5d819c,Swap,2025-11-14 09:37:10,0.00000060,,-7149.79222525,0.00000000,0.00,1324.27301997
6ef17edeabef15552188c24243fbed91ec3e0f47484d7914b714f9002af59585,Swap,2025-11-14 17:31:10,0.00000060,,0.00000000,-0.06112326,0.00,5831.60000000
2747adb67cda8c9efbc3a813b513650a1d92e6a5b92d7fe3eec11886fc6eafbe,Sent,2025-11-14 17:33:10,0.00000088,,0.00000000,-0.00000088,0.00,-7500.00000000
58bccf6515397882a1352a084f11b422058fb0cc4cde99609b9b7d998ef9b178,Received,2025-11-14 17:39:10,0.00000257,,0.00000000,0.07883607,0.00,0.00000000
b93e64b04c893e7dcaf532a28cb55eafe308756ad885dbde9193302d06f117c7,Received,2025-11-15 13:39:10,0.00000040,,0.00000000,0.00068038,0.00,0.00000000
a193718cdcf44a489eaa8f590301463eeb1b41f24cdae55fd83dbcbf2b46fefc,Received,2025-11-16 02:59:10,0.00000040,,0.00000000,0.00045427,0.00,0.00000000
018633a80118ebbceca9cbf6402c85c66a0411f880c93638bee52ee4ca1da02d,Received,2025-11-16 02:59:10,0.00000033,,0.00000000,0.00000000,0.00,11.94051506
dee21ad1ac883041a9bb17d4ea73156415c9c9b0b413a4f78f352e112e48b16d,Received,2025-11-16 09:25:10,0.00000020,,0.00000000,0.00026691,0.00,0.00000000
cb7c287a889d9f3f703877fc4a6d282da7d881799ebca44c0aac0a437fa21488,Swap,2025-11-16 12:56:10,0.00000046,,0.00000000,-0.01102371,0.00,1048.85000000
353c9b85368cb428441779e22b40c405b91e478063135e52b1179ce5e35f6c5d,Swap,2025-11-16 13:58:10,0.00000134,,0.00000000,-0.02618082,0.00,2480.86814958
16fbf54d4da519a042cbf6aebdbd297be43e8a38d7bc2cd5fda7a51a4277e856,Sent,2025-11-16 14:06:10,0.00000060,,0.00000000,-0.00000060,0.00,-5640.80911146
26486cae504def29030aeb0862508178eace180926187d213cd340c33b7a9fb7,Received,2025-11-16 14:11:10,0.00000257,,0.00000000,0.05970528,0.00,0.00000000
979b61faea678a9cefb3d33ca1cc99a2913226c951199af271cfffd86f4d83ea,Swap,2025-11-16 20:06:10,0.00000053,,999.00000000,-0.00183151,0.00,0.00000000
697d62c82426a8eb0aeb0f865a07fcbef90dda777ad26e7574457a1d45f6d3d4,Swap,2025-11-16 20:24:10,0.00000053,,29.00000000,-0.00005269,0.00,0.00000000
662e742a4afaa690bd34e8cffc6f86d776fe1350d5f23690e23cc3f852422506,Swap,2025-11-16 20:27:10,0.00000053,,37.00000000,-0.00006709,0.00,0.00000000
5e3390c9ae10f0b89bdd3e3a9fed1a9c870848e29b4ca529e8134affa64302b3,Swap,2025-11-16 20:33:10,0.00000060,,-1065.00000000,0.00208645,0.00,0.00000000
39809c2cc81ce398c6681c4713ef5cdb9f7c653215efe87acf9e27fb51f0c019,Swap,2025-11-16 23:06:10,0.00000149,,0.00000000,-0.16112896,0.00,15370.67974401
1faa4895a63b57c3b3d3963dca1333870eec8f6bbc3bd7eb10a51d9b30a6997b,Swap,2025-11-16 23:10:10,0.00000055,,0.00000000,0.00000077,0.00,-0.15000000
7850f10a3358251b16821f9ae13a5e91e3aaf535d90abb144d27d810d1dce5cd,Sent,2025-11-16 23:11:10,0.00000040,,0.00000000,-0.00000040,0.00,-16370.52974401
6550f073047f8bc75d36acef1db8f0f93054e171f7a815c3871b2f055bcb4f9f,Received,2025-11-16 23:18:10,0.00000257,,0.00000000,0.17151732,0.00,0.00000000
714a3f34a232fc5912237c3d12d5e31d0c5f7ff1f12819c04343f018fb730dda,Swap,2025-11-17 19:35:10,0.00000190,,0.00000000,-0.17151769,0.00,15890.51549068
7d6709deb7272c3795e1305f5b3793dc23d82d46670d60ef8a768a3121ad52c9,Swap,2025-11-17 19:36:10,0.00000053,,0.00000000,0.00000082,0.00,-0.15000000
c3cac1ae616ce8adfe99f7d11c2506752f8aa2fd41f9861b64b15484713941e4,Sent,2025-11-17 19:37:10,0.00000033,,0.00000000,-0.00000033,0.00,-15890.36549068
f2c8ba47b4a948d9687b54adf2a4041a4b4c578e97f2377112a9ab5eb017a942,Received,2025-11-17 19:42:10,0.00000257,,0.00000000,0.17208273,0.00,0.00000000
27ac91b2062bf5b36d93f52b2e27355bf8537795535a72de79be36776d29b0bf,Swap,2025-11-17 21:14:10,0.00000087,,0.00000000,-0.03698712,0.00,3429.70121249
93fae50177058b00865f1e76c3b58a1a177b0664e5d0a00d12d322031a236d4d,Swap,2025-11-17 21:20:10,0.00000046,,0.00000000,-0.00108069,0.00,100.00000000
65d3fe110ecb4f5a4f75d96dac47787a9877397b163aa1c8f71f9011fd8bf308,Sent,2025-11-18 07:44:10,0.00000026,,0.00000000,-0.00000226,0.00,0.00000000
fc0a178c968ec9d64087795e20c0db6c9fd86948d30afc372c0727cb8cc578e0,Swap,2025-11-19 01:09:10,0.00000114,,0.00000000,0.01817144,0.00,-1653.13884942
7ef8df181da919adffdbdeca32c85e8e50ba893e57c67726837631d1e3fe3bac,Swap,2025-11-19 01:09:10,0.00000073,,0.00000000,0.01916300,0.00,-1743.34558910
9bf2de88a38a0dbe19f1163e3cbe0f991e3eeaf9dd5aaa8bf12b9cbfed9e7fec,Swap,2025-11-19 13:52:10,0.00000053,,0.00000000,-0.00077799,0.00,70.00000000
847aa0219f1c939017d46897c76de78457c9d4554a64769e699526290170f09f,Swap,2025-11-19 14:40:10,0.00000151,,0.00000000,-0.17056960,0.00,15254.98898875
764ed5335da9fbe9eead7143ad0082aecda8fbd9a9a9d315fc295d8c31a3006d,Sent,2025-11-19 14:46:10,0.00000054,,0.00000000,-0.00000054,0.00,-15458.05576272
ccbd7efb90285403b4c75ac09fd2485819f14957a7a4934bff1dde2c9117a40d,Swap,2025-11-19 14:46:10,0.00000053,,0.00000000,0.00000087,0.00,-0.15000000
c5e1cdaf3e5f37adeddb6b809858deca01a306fdec57ba8fda97d2c184b85d37,Received,2025-11-19 14:51:10,0.00000257,,0.00000000,0.17308496,0.00,0.00000000
57409f6cec57a562b4d26f8d792741e7a6ac9d53e98169eae95bfcfb197b681f,Swap,2025-11-19 15:00:10,0.00000110,,0.00000000,-0.17308529,0.00,15561.91112398
dbc63725ef58bfa13a80adf9f56336d76fa56e5518eb3c97ff01bd82da99f5f2,Swap,2025-11-19 15:02:10,0.00000053,,0.00000000,0.00000087,0.00,-0.15000000
9280c9b93bd554efe1ad100b5d0858bd415775778bef7587b230a00d74f68943,Sent,2025-11-19 15:03:10,0.00000033,,0.00000000,-0.00000033,0.00,-15561.76112398
2059f6c6ddbcd3f4b57384c7e165f016fb6da45c076ddc812165ace6f92c0d8f,Received,2025-11-19 15:08:10,0.00000272,,0.00000000,0.17334457,0.00,0.00000000
e343f82861a50dcca6dfcc1b7a2ab08d3dd5db7e1baea12848e730fc4f04f10c,Swap,2025-11-19 20:10:10,0.00000217,,0.00000000,-0.17334511,0.00,15891.88103872
4fcf84a38e36628bd22818a74bcd902658a599c192bbec0d23788ee28de72a8c,Swap,2025-11-19 20:13:10,0.00000055,,0.00000000,0.00000083,0.00,-0.15000000
2f3ce8c6afd85af6c8c79d08eb794ddb0803bd5154950ea35e4ea1a9d286001c,Sent,2025-11-19 20:13:10,0.00000033,,0.00000000,-0.00000033,0.00,-15891.73103872
2089ae4b47ae58a1ae74a57fd21f1295a01999217ba92d54ad224acf44b46cce,Received,2025-11-19 20:18:10,0.00000257,,0.00000000,0.17393088,0.00,0.00000000
8801e275d962a384fd3bf226532975ad339f4b42556c59c0992254f610779b9c,Swap,2025-11-19 20:21:10,0.00000080,,0.00000000,-0.02120498,0.00,1948.41397424
b1f45e95b7e661a204f10928f5119b5e987a04bb420d688e348fa0084d65b88f,Swap,2025-11-20 07:42:10,0.00000107,,0.00000000,-0.11954681,0.00,11031.44799199
cbae8bdc60141d0d20f434d92cdd230088e1af1f3191e9e5768831fc44b8b88e,Sent,2025-11-20 07:47:10,0.00000040,,0.00000000,-0.00000040,0.00,-12979.86196623
cdef7b6af48afeedab9874d327a7a0936b8e4cdd16c812b9080c83bfbbdcbf0d,Received,2025-11-20 07:51:10,0.00000257,,0.00000000,0.14129355,0.00,0.00000000
f7b438f96b077311c720eb83636776373e0fd0a14f88936ac9b8d53322bcadd6,Swap,2025-11-20 13:00:10,0.00000053,,0.00000000,-0.05010143,0.00,4525.00000000
384aa92fb0d18674c3172f63e3340a61253e359cbf25d789f799c8ceb3a13289,Swap,2025-11-20 13:16:10,0.00000046,,975.01000000,-0.00187347,0.00,0.00000000
5f62ea1c6d0f2b020c86219233fe193e6538989fe399a0a83a3c177787e3e109,Swap,2025-11-20 13:17:10,0.00000063,,-975.01000000,0.00000000,0.00,179.42161155
802ff014b1cc282be72d11a89db920feb1dd5ffd9a2f2cdd70ec4183d323d9d2,Swap,2025-11-20 13:20:10,0.00000060,,-969.01000000,0.00000000,0.00,178.30368349
b90210036bb8f5280a65dc30ac76ba26b04f371a2bec63fa5887ea357c69abb2,Swap,2025-11-20 13:20:10,0.00000046,,969.01000000,-0.00185805,0.00,0.00000000
9075e2316fe1ff1e868dfb1e8c679010ea4f04593f9b02c5b5ad34c28ad3d91b,Swap,2025-11-20 13:20:10,0.00000128,,0.00000000,-0.12063979,0.00,10749.80608989
8ff0a4971792ab512775a20d16e288f3a66482da358d86ef9e861ad11f1b1e39,Swap,2025-11-20 13:22:10,0.00000053,,0.00000000,0.00000144,0.00,-0.20000000
31041c568295304b6b23cab69160e6298c2d656bb12d2b2f100f5008b8464b16,Sent,2025-11-20 13:22:10,0.00000060,,0.00000000,-0.00000060,0.00,-8000.00000000
d1ea3f1f61af3343381360615d8b666c3b1b0613d3e9b539eb255ecfb3627776,Received,2025-11-20 13:27:10,0.00000257,,0.00000000,0.09023466,0.00,0.00000000
e05ebf3bc0719a301c4587b25c08931e1d644cee7a8189d3e767fd63646e5ae6,Swap,2025-11-20 13:29:10,0.00000046,,866.19000000,-0.00165853,0.00,0.00000000
6ffd54c44bbfb5eeb016610a6f40ef2e2fbd871896e3a05a0a4b56f137fcfbf1,Swap,2025-11-20 13:30:10,0.00000060,,-2420.19000000,0.00000000,0.00,445.44555286
8d91a583a6d1a5fe23cc2689d6ae8a2ae134b1790b5f24c0009be18af19426c5,Swap,2025-11-20 13:30:10,0.00000060,,1554.00000000,-0.00297237,0.00,0.00000000
f5aef2ad1d2b102f4c56e3cc713ae8a6ef9aafcccc7cbb6963cd1ec790d4d958,Swap,2025-11-20 13:31:10,0.00000046,,57.33000000,-0.00011000,0.00,0.00000000
9ebc95ff836e8c8cd22d26483056c1854fdcb316a4cc499f01dca84278b2b3fc,Swap,2025-11-20 13:43:10,0.00000674,,0.00000000,0.08988387,0.00,-7845.18731450
fa065a4b46772419a33b68a0e892d70b198501a1b06c10c7218875624cf7a8ae,Swap,2025-11-20 13:44:10,0.00000053,,296.00000000,-0.00057084,0.00,0.00000000
07ae8c6dbe45409a1d2e4379671b32eadcc12d85a4eba7f7c35011c77dd0cb90,Swap,2025-11-20 13:44:10,0.00000056,,-57.33000000,0.00000000,0.00,10.45207633
1728556c8cbcc98d1b290a0fd85b9cb8b281900f252b2e3ef5c14859b78a9b19,Swap,2025-11-20 13:45:10,0.00000064,,-296.00000000,0.00000000,0.00,54.33218750
a98beb318729c04c54f3e8a7dd6909a27b029cb812e1673f8c9c17b38348a786,Swap,2025-11-20 13:47:10,0.00000053,,119.00000000,-0.00022943,0.00,0.00000000
8743a7ef917fac26e96b23ec5002647822fbb7257c4549453ec73228cbbb99ab,Swap,2025-11-20 13:48:10,0.00000046,,124.14000000,-0.00023934,0.00,0.00000000
18a14caf1b4e32d3d424b55f2108bed7ce3028c30b9a7a78d8878f067d780072,Swap,2025-11-20 13:54:10,0.00000066,,-243.14000000,0.00000000,0.00,44.64728669
90bd053da82d79b9f9dbbb714e848a0bf1f13740b9e6192fb83c3d39f76f8115,Swap,2025-11-20 14:08:10,0.00000080,,2104.78514087,-0.00409216,0.00,0.00000000
e3ca81ef33a854e1afe6c93dfd858d087228c0bfb260ca998b7b80c0ee2b3dd7,Swap,2025-11-20 14:09:10,0.00000060,,2964.03000000,-0.00576608,0.00,0.00000000
ec3d84a75b2a4ca510d8f2d99f90cf5a9f9b57b58864574255cceddcab2efb70,Swap,2025-11-20 14:10:10,0.00000070,,-5068.81514087,0.00000000,0.00,932.40521744
0fc0a1be039f7a46ebd06eb5193d4e4fb8e2b3249e9c4b3a83d0f35e96125d68,Swap,2025-11-20 14:23:10,0.00000053,,999.00000000,-0.00194713,0.00,0.00000000
38e54eab7fb72f4bde9a8d0237c17ad50e65bc87e3416058b63febb07ae00047,Swap,2025-11-20 14:24:10,0.00000046,,18.41000000,-0.00003591,0.00,0.00000000
21eb84252f1be675f3f9c47df14e1553f4e41af684742bc29fb077edd868d30a,Swap,2025-11-20 14:26:10,0.00000070,,-1017.41000000,0.00000000,0.00,186.98085807
93f9852a32b3734d54ae5c4d491929312f02a3219e21d505fc93263a84bca9c2,Swap,2025-11-20 14:27:10,0.00000053,,4998.02000000,-0.00975583,0.00,0.00000000
225932cd6dd09380a3d5b32aa41e3d7fa38587e2ee0c70e507d7b06c7c746509,Swap,2025-11-20 14:27:10,0.00000053,,192.92000000,-0.00037613,0.00,0.00000000
b2495ea086541f2470539abd58249e21236828438d7ac2debe30479ee7803437,Swap,2025-11-20 14:28:10,0.00000063,,-5190.94000000,0.00000000,0.00,954.14047868
b1254e58b20d19d07d4212feb98d11e066e974a00ab7d67317e2b4edffd8a942,Swap,2025-11-20 14:31:10,0.00000046,,96.00000000,-0.00018724,0.00,0.00000000
81bb374159b62b810534c0b862f5610ce809db53fe22c12ace270e73df96db78,Swap,2025-11-20 14:32:10,0.00000053,,386.00000000,-0.00075275,0.00,0.00000000
ed69b61eb425f7566cbf1ce2e7e78c6a621837e6feb8f69870427de66d57779d,Swap,2025-11-20 14:37:10,0.00000074,,-482.00000000,0.00000000,0.00,88.48922280
e023ddff15a0776c38f0cb627debba2a03255016f0134de17eb15f2268a9ff7f,Swap,2025-11-20 14:40:10,0.00000067,,1878.28569527,-0.00367573,0.00,0.00000000
5d4daee425b03e11636ec1a69bd69766aeeba3cb5ea7f35e36dcd18a864fc60f,Swap,2025-11-20 14:41:10,0.00000054,,-1878.28569527,0.00000000,0.00,345.28692576
3ccef0ef9f04594ec48c38752cff8ba2ef4d96126adcb83b3fc9c1836c761cab,Swap,2025-11-20 14:47:10,0.00000046,,974.00000000,-0.00190957,0.00,0.00000000
c402d347da692cc1b0f98ed1ed6ddc4ce6d771828a25fc0e2a1d5bff5854fa9d,Swap,2025-11-20 14:47:10,0.00000046,,485.01000000,-0.00095050,0.00,0.00000000
caa8f4535007ef82f09f4effe8dad4f58d12315430f227c9f445b0950eb7c9fa,Swap,2025-11-20 14:48:10,0.00000046,,96.01000000,-0.00018823,0.00,0.00000000
b63f91ae275c4f24d39c60fe1d16a1e1522558a73c6c60554beddba651c14b92,Swap,2025-11-20 14:52:10,0.00000074,,-1555.02000000,0.00000000,0.00,285.86176770
31e21132297727d43c289d3310fa3946c2dfd166227517725e6a0169567fd77e,Swap,2025-11-20 14:55:10,0.00000060,,2007.23581300,-0.00392462,0.00,0.00000000
a1fdbb11072eab4a6b4dbf71cf2a4a33055539d7f7bc8d709f6d68d616e00b8c,Swap,2025-11-20 14:56:10,0.00000061,,-2007.23581300,0.00000000,0.00,369.01159330
400b93823a818a41b6ffbee05226f2a575b88519fe5552d62bf146ff6cdd0674,Swap,2025-11-20 15:21:10,0.00000067,,92.10782100,-0.00017924,0.00,0.00000000
d8802b3e6a4ffc036dc1069a22f78cd0f0e655f0a1ccf799920c83c0ad4b6191,Swap,2025-11-20 15:22:10,0.00000055,,-92.10782100,0.00000000,0.00,16.84979406
6695b88be8305755b6a47985d0e32d6d13e44b026ea1ac6db8ac223a48497ee1,Swap,2025-11-20 15:46:10,0.00000087,,414.09748295,-0.00081062,0.00,0.00000000
5457426c5bd429f17cae62c5f0ae0891636a883220bd4d1962bdaa36a6500bec,Swap,2025-11-20 15:47:10,0.00000060,,-414.09748295,0.00000000,0.00,75.98381259
23f1ed9bfd608c072163037cff75ccc28fc99c75f6649ed3e4253f9d7c41a8d2,Swap,2025-11-20 16:21:10,0.00000060,,2.37721544,-0.00000466,0.00,0.00000000
194d77cde2fb1ff983064319f23a0a0392fa04f95bf2238b67e32b6315c5c374,Swap,2025-11-20 16:23:10,0.00000060,,1452.03000000,-0.00284867,0.00,0.00000000
2d475705aed20b677df353472782353c801993a075744d8e3da11c2e662fb390,Swap,2025-11-20 16:26:10,0.00000061,,-1454.40721544,0.00000000,0.00,267.22051089
89ac8df3197d176a50184175ac9e6c11186a4578a2f267cea694e9787bf0d47c,Swap,2025-11-20 16:41:10,0.00000053,,2999.00000000,-0.00588541,0.00,0.00000000
ef0692bdb5b13935411a09fa5565037b74d6ba2f1d8ecce1bad3542c05dfc424,Swap,2025-11-20 16:45:10,0.00000067,,-2999.00000000,0.00000000,0.00,550.97965315
5ac3b0370fbd4f85b688609cedf4d8aedca37711c764dc75d15ef66938ec5c32,Swap,2025-11-20 18:05:10,0.00000049,,99.01000000,-0.00019400,0.00,0.00000000
5b02e947feb27c9b9b2b7082761d9b82bce38fb3181902c63af921df5cde5d76,Swap,2025-11-20 18:06:10,0.00000055,,-99.01000000,0.00000000,0.00,18.11796912
605c9fcb5dc7e33900e9090d1e746f514c1d00f6b7a35e102930c34ad6236621,Received,2025-11-20 18:19:10,0.00000033,,0.00000000,0.00000000,0.00,2.74547320
c6566b583d01c810ee69150877a93ec3e2e31ff75d4d8764827a6229b6ccb7dd,Received,2025-11-20 18:20:10,0.00000026,,0.00000000,0.00172336,0.00,0.00000000
9c63241d2e2dbf4e64f0b67ee475a73dbf1f754bba9e95ed3f9c53ede28c5263,Swap,2025-11-20 20:41:10,0.00000151,,0.00000000,-0.13257774,0.00,11568.30290035
62dde4c0a750131ea105d02b4298d642a984a74b5593ab7918d2f029b3acdb31,Swap,2025-11-20 20:43:10,0.00000053,,0.00000000,0.00000149,0.00,-0.20000000
860456541e60188c955636118a776fe9e73badc13a8c61ca23f264cf6f11bcca,Swap,2025-11-20 20:44:10,0.00000053,,0.00000000,0.00000091,0.00,-0.15000000
44c9c7eb69e1302d82ac1fedc08dfe8bead25357fc390e3cecfefaea962ebf6b,Sent,2025-11-20 20:44:10,0.00000164,,0.00000000,-0.00000164,0.00,-8000.00000000
f35d217ef746c958ee51b31810a10558f28fe61ddac6d02119d3bc41e0768bd6,Swap,2025-11-20 23:16:10,0.00000067,,90.29000000,0.00000000,0.00,-15.34564406
9baa7aad010c89342f93ae98add280520fc3b1c67bef1e12a9081ba1ceb022a6,Received,2025-11-20 23:21:10,0.00000257,,0.00000000,0.09243246,0.00,0.00000000
5694e8ccb1f54e6ebf7a0b395e53503d00f25e593bafea1f9ebee3dfdf04e1e9,Swap,2025-11-20 23:54:10,0.00000046,,18.00000000,-0.00003570,0.00,0.00000000
aa3ecbcb25426fa508d8211f9ffcee6ce972ec1ae82e437d3be447f7110320b8,Swap,2025-11-20 23:54:10,0.00000067,,48.01000000,0.00000000,0.00,-8.15914614
d33cd50cb9976b4a513bee38d013db8a0c5bc02258896afd444e51d5c3c3f888,Swap,2025-11-20 23:54:10,0.00000060,,149.00000000,-0.00029460,0.00,0.00000000
ee72e47242190e67f748541253785acc181d072f060c87c060b10974842b9cb0,Swap,2025-11-21 00:12:10,0.00000053,,9.00000000,-0.00001780,0.00,0.00000000
fe5b667776cd4edf5c77dd8dd43871d10eed74079a154f1cdf6a90c3ae6c7624,Swap,2025-11-21 00:22:10,0.00000077,,84.59949028,0.00000000,0.00,-14.37821914
da183a15ad60f9feac0ed3dd6edd0f43658fc4dea93d83d2719134a838e3a46c,Swap,2025-11-21 00:24:10,0.00000060,,1999.01000000,0.00000000,0.00,-339.74440913
c1833676ee68fe7943b19e115fe67d74c7ba7451e2950b2219088e180b47248e,Swap,2025-11-21 01:16:10,0.00000071,,41.50000000,0.00000000,0.00,-7.05450607
a32f2aec92f655b1229e09abb5f8141ca02f445ce05bcb915fb8ee939c8c7195,Swap,2025-11-21 01:21:10,0.00000056,,200.00000000,0.00000000,0.00,-34.02496475
2efa989b22d5be95a0bd7155fdb47c5ab4b579329e61fe7be6930065abb18164,Swap,2025-11-21 01:24:10,0.00000064,,96.01000000,0.00000000,0.00,-16.32086234
2bd8994987444f0a5122814bfcd617a0897cec71114cc6b17f8872deec1c3551,Swap,2025-11-21 01:49:10,0.00000063,,38.00000000,0.00000000,0.00,-6.45966846
a3f7fa8846e189404fd026966341888d707623a7e2ec03f92ef33d50b3ef4c02,Swap,2025-11-21 01:51:10,0.00000067,,1983.01000000,0.00000000,0.00,-337.08809844
d14d79d622d08d45f810d066abc4532c58d36b238b2d2feb031e90ff668716f0,Swap,2025-11-21 01:54:10,0.00000067,,999.01000000,0.00000000,0.00,-169.81980990
a309ef394f9d18a67bd8877dcbe0637fc88bfa988df30bc9a7c836f0d21b8896,Swap,2025-11-21 04:35:10,0.00000074,,0.00000000,-0.08503207,0.00,7021.30914178
0dc58f75b006213188cddf7aac19ef4abe473b5a7f1a71b84e2dc2c135796c32,Swap,2025-11-21 04:35:10,0.00000081,,0.00000000,0.08503207,0.00,-7055.65122670
94b538929a3e1b33dddf839e3fcf26710fd360eb5037815e1c16a08277e9ae4d,Swap,2025-11-21 05:12:10,0.00000129,,-5755.43949028,0.01252814,0.00,0.00000000
88bb686752668216bcd2665838bda9c412b3e0fefc4f066daea9e33e6754a732,Swap,2025-11-21 05:35:10,0.00000046,,23.00000000,-0.00004633,0.00,0.00000000
bc127cdd37d0f56855aadc930c9bc993e808107fad6232d286dcb9e026217cb1,Swap,2025-11-21 06:30:10,0.00000055,,-23.00000000,0.00000000,0.00,4.14366696
f44e1a22ae6e360248522419f9a56a550c5b5a7e70bbeb5f46f2c05ad2d986d9,Swap,2025-11-21 06:57:10,0.00000060,,83.25179304,-0.00017217,0.00,0.00000000
f794927998be94dbe58d2464dbf86a8932d3f135cec0a0cb16ab7c2026602429,Swap,2025-11-21 06:57:10,0.00000056,,-83.25179304,0.00000000,0.00,15.21720999
31f3db9bd891a03e338b804a71d55ada464404cc787f7401cccf0cc21b6f935d,Swap,2025-11-21 07:05:10,0.00000046,,1484.01000000,-0.00308194,0.00,0.00000000
b5dfd2a7bbfe591887a99fb9ec1e75b554e74c17be923639c69f8a3a1febb5d2,Swap,2025-11-21 07:06:10,0.00000064,,-1484.01000000,0.00000000,0.00,272.17749208
563eace1789d2a75002cab8b4a5417cc8f1e48cb8e3054da48692da4d8dec46b,Swap,2025-11-21 07:09:10,0.00000067,,-2975.01000000,0.00000000,0.00,546.74974508
9808a518f941e1a18506b037f609909aa9cbddb8ab416ec38a7b2fe79c748164,Swap,2025-11-21 07:09:10,0.00000046,,2975.01000000,-0.00617376,0.00,0.00000000
0b3022d6f3f729847a790f454d31509163af3c371563ee1965a83eff7565ed4c,Swap,2025-11-21 07:16:10,0.00000046,,96.01000000,-0.00019865,0.00,0.00000000
a51be3888b13a2ccf5b22f4819ede755007e32c2a88c2d8ea2c754ef1ce20a1c,Swap,2025-11-21 07:17:10,0.00000053,,1999.00000000,-0.00414146,0.00,0.00000000
5272c260ba23dd96b2cf407d8a18626daa7b6eef8775fd757850a3061f4cd2a7,Swap,2025-11-21 07:18:10,0.00000066,,-2095.01000000,0.00000000,0.00,384.58120000
b097b12e812406b9bbb23e459be4d894e8ce8fd9aa7abb8db4b368f80ed480ba,Swap,2025-11-21 07:20:10,0.00000053,,22.00000000,-0.00004557,0.00,0.00000000
1b01e4b1274edf6e462001c75da9582b3419c01e59d5959ca6aec1ce5c6a131b,Swap,2025-11-21 07:20:10,0.00000046,,57.20000000,-0.00011854,0.00,0.00000000
6688061a16e2a97f7b9436ba604957ec83af9f744160aad1d3cddf08ff0b86aa,Swap,2025-11-21 07:21:10,0.00000046,,241.50000000,-0.00050019,0.00,0.00000000
3579eecabfa91873c5f6b025190146eb9e92140bb710ac8db69bb19e52701871,Swap,2025-11-21 07:21:10,0.00000053,,0.00000000,0.02420657,0.00,-2000.00000000
07549a89147525d024e4a3b5edc7947e0727ed1998989e7bcd23aadfaefa3247,Swap,2025-11-21 07:21:10,0.00000073,,-79.20000000,0.00000000,0.00,14.44543838
d06f193d55b1c6dde6d59bdc2c6194c5a8dca124619246720ceeebeb55eaef42,Swap,2025-11-21 07:26:10,0.00000053,,98.00000000,-0.00020283,0.00,0.00000000
37bc170eca782f7bbeb6c2a1f3b76e4745ca33b4b9e421e86d6386fd197fb04b,Swap,2025-11-21 07:28:10,0.00000046,,180.60340000,-0.00037217,0.00,0.00000000
329080f4bd10d2b469a5589d952d3a18cd8279d5d31ab5ac0beb7b8cf7bf3f2f,Swap,2025-11-21 07:29:10,0.00000067,,-520.10340000,0.00000000,0.00,95.32096914
315bcf9434610ccaec0fa6275e79264a4e0af0c13823fa7d857a8f256f7608ab,Swap,2025-11-21 07:32:10,0.00000053,,2.00000000,-0.00000413,0.00,0.00000000
a2e8f10e1a52c79c8b7bde6ee3fba6e825e25b292a560373f90b0f1ad3692841,Swap,2025-11-21 07:35:10,0.00000172,,0.00000000,0.05357979,0.00,-4380.82374155
8bc3ec59ac9538505241e6e7cf10f77119aea0869c324579394509efb4c3bd1e,Swap,2025-11-21 07:36:10,0.00000053,,5938.02000000,-0.01218312,0.00,0.00000000
eface21b704de913b575450cce37ca932d0a5cf3c0ebad8c62e1c8ed373b5fd9,Swap,2025-11-21 07:37:10,0.00000139,,0.00000000,-0.15515876,0.00,12870.48127533
1f151b064cd5f99be3e5249e68babbd6518512b97f1d07de489edf48d47d2f2d,Swap,2025-11-21 07:39:10,0.00000053,,0.00000000,0.00000160,0.00,-0.20000000
9e981331b14ded580af6fef6034624ba86a18aa43093331d3545a117d91fce04,Swap,2025-11-21 07:39:10,0.00000066,,-5940.02000000,0.00000000,0.00,1089.48187580
54d4812684cf126e0cbf810dd07679712c7ad6b89c3ced6da472a1760b9270fb,Sent,2025-11-21 07:40:10,0.00000054,,0.00000000,-0.00000054,0.00,-8000.00000000
a50bb55be18ed2a1d9f9b3fe51d8865de92df419af04549c163305a1e46e611d,Sent,2025-11-21 07:41:10,0.00000033,,0.00000000,-0.00000033,0.00,-7932.88506878
2b4f9bad7cb662cd6fb0fcf84eef224716c3b1dba890b50c972f3ea7ddf878b2,Received,2025-11-21 07:46:10,0.00000257,,0.00000000,0.19267212,0.00,0.00000000
8351a0cc2b063a8c2f10472bc89b189ec3727ac7fc591a3bbf0ee9a730a60149,Swap,2025-11-21 07:46:10,0.00000053,,10000.00000000,-0.02054309,0.00,0.00000000
9831a9a32021d20eb8447c7fb090a1d52af5091866d4c11a16ac8b8eb4845abb,Swap,2025-11-21 07:49:10,0.00000055,,-10000.00000000,0.00000000,0.00,1834.50298571
00a11d72d38a3c2d5dd1b3115a51b835bf4695f2cc4d08f39cac73d9aa8f2fd3,Swap,2025-11-21 07:50:10,0.00000060,,499.00000000,-0.00102586,0.00,0.00000000
c61f713ea2f5aecf6f858b3d16041ddd8fe835a58522db9e2e52268940c0b015,Swap,2025-11-21 07:52:10,0.00000053,,300.00000000,-0.00061832,0.00,0.00000000
130c6314001cbd4c6bf85ae9b38b24a10abe6db91b4d16a3c88f10dda3aad346,Swap,2025-11-21 07:58:10,0.00000092,,5495.00000000,-0.01126898,0.00,0.00000000
c3d707d1df6449b38319171e3ede266cf80c2e74134b0cc3f081caff37ec8111,Swap,2025-11-21 07:59:10,0.00000081,,-6294.00000000,0.00000000,0.00,1154.43303776
3de42632d95b6e5808549593a810845bf45f8d484b572e56bcab88467c920fd9,Swap,2025-11-21 08:05:10,0.00000053,,1499.00000000,-0.00306723,0.00,0.00000000
60b2d5383c56d0024d6b26d7307b059721e5b47f52981012c306a05893aa3282,Swap,2025-11-21 08:10:10,0.00000046,,484.01000000,-0.00098573,0.00,0.00000000
0433a2089ef5787b6007870953ff69c67788ff27430176eab2c41fa93d4f2499,Swap,2025-11-21 08:11:10,0.00000067,,-1983.01000000,0.00000000,0.00,363.81875083
659778dfe7ff136e05dffd33cb5261c8488739612451d96bafa745bec6bc9276,Swap,2025-11-21 08:21:10,0.00000060,,-484.01000000,0.00000000,0.00,88.78911327
1576c88796c5db64193ca9c8d521fe18d52fd03753c92d4bc92871becfb7e84e,Swap,2025-11-21 08:21:10,0.00000046,,484.01000000,-0.00099079,0.00,0.00000000
c34fa4474f2b15a6948979a84e21ce72e099fe1361d340fa794dc875eb6640b7,Swap,2025-11-21 08:23:10,0.00000046,,681.50000000,-0.00138936,0.00,0.00000000
d0d49ddca3b00632405965e20b08334c41627a2d9ab3a21f81eccdab4e04ee63,Swap,2025-11-21 08:26:10,0.00000053,,-681.50000000,0.00152178,0.00,0.00000000
9a2ed6a56e411968d317defb9673f48bd8c3a6b5c90cbe4d7b3898a20509a2b8,Swap,2025-11-21 08:38:10,0.00000060,,2999.00000000,-0.00614740,0.00,0.00000000
c45e5899c72f24430f1e6a661448f74bc420b3930f7f3a3ba5a23556f32bb8c6,Swap,2025-11-21 08:39:10,0.00000060,,-2999.00000000,0.00000000,0.00,550.13003187
e638fdf9a60134d6190e6e9ff8908e41eca2adccbdcbc3f5432a3908a4fa53f7,Swap,2025-11-21 08:39:10,0.00000046,,971.01000000,-0.00199039,0.00,0.00000000
4ebe7c5a895dfcb3c65271618473bc685024765738bef826ec54e0d4bcd834b8,Swap,2025-11-21 08:40:10,0.00000060,,19392.00000000,-0.03978307,0.00,0.00000000
5585142f4b42f3149e8d358c1f0200bd32f3747a7fe19f9a4631815caf09fc88,Swap,2025-11-21 08:44:10,0.00000046,,2915.01000000,-0.00599980,0.00,0.00000000
3cbef8fbbf88e9e6af56be810b832e949a6311660d4b45374a01d25d22424536,Swap,2025-11-21 08:44:10,0.00000053,,2998.00000000,-0.00617183,0.00,0.00000000
4b87ea8bd2869d0e91d9a8e3f36900f5e5df0bcafdcf8273e78757f3466db0c5,Swap,2025-11-21 08:45:10,0.00000046,,85.34000000,-0.00017565,0.00,0.00000000
0784907a70f1211d9a14733687c81396f060bf96a426ee9a83aaa53a80b4af7b,Swap,2025-11-21 08:50:10,0.00000102,,-26361.36000000,0.00000000,0.00,4836.13450805
fd91e4dbe7d8e235eebf39baf8dc8c2e00a89219f19d33608381f46a40a1e61b,Internal,2025-11-21 09:06:10,0.00000020,,0.00000000,-0.00000020,0.00,0.00000000
409bacf66a2eccbc512ae89b0b70618d6cd82a519579e57039ebca27d312da21,Swap,2025-11-21 09:10:10,0.00000053,,126.41593141,-0.00026132,0.00,0.00000000
e0abe328d45940f7b0dce405268e6135586376370fa349f540dee4d2b2f12730,Swap,2025-11-21 09:13:10,0.00000060,,-126.41593141,0.00000000,0.00,23.09914279
036cda8abd6865f804d8a69d55f6718c5c49e13f3e53a65da0f6417061c9f4db,Swap,2025-11-21 09:21:10,0.00000053,,1.00000000,-0.00000206,0.00,0.00000000
755a6d0c56c8119026922fe14a09709d3297071b8840fd2334e50541b4524bcf,Swap,2025-11-21 09:23:10,0.00000046,,2614.59000000,-0.00541754,0.00,0.00000000
57c6a277731ebbe134b8e9138cdd476a1ba859a81ecf15533826baee89af4062,Swap,2025-11-21 09:23:10,0.00000046,,-1.00000000,0.00000144,0.00,0.00000000
5ed60b47a6d6475c0c1c77afe1eb9e5fa2b5f1f8dd37e5c62e79c215090da1e2,Swap,2025-11-21 09:24:10,0.00000053,,28.20000000,-0.00005884,0.00,0.00000000
65feec690f6afb3916ac5ec1a60c76cc65993e04294eb040fb97c5faaa9533cf,Swap,2025-11-21 09:26:10,0.00000046,,974.00000000,-0.00202364,0.00,0.00000000
5331c7af3b117b6b044e8b4899633c11ad1b216eff6ce1e6b82fa103342a03b2,Swap,2025-11-21 09:26:10,0.00000053,,2909.01000000,-0.00606984,0.00,0.00000000
625c1dc5fb82f69abdad5be5c1cc854fa7303ae30fdc39df2d0e5d9d3d59027c,Swap,2025-11-21 09:26:10,0.00000053,,499.00000000,-0.00103675,0.00,0.00000000
1ae7eeeb786e5026caa7aae17e9aa15f11456467ce55e84708651a5ae40b8ad7,Swap,2025-11-21 09:27:10,0.00000074,,-7024.80000000,0.01581229,0.00,0.00000000
77b5f0e4ca46a1933309f0715dc1f2627e542146e21b348ab0db2dda44128357,Swap,2025-11-21 10:04:10,0.00000142,,0.00000000,-0.01581229,0.00,1325.27192377
a3ada58a97404e217ad92191efbb0ce4d34c4da118d8024ba5f59658c383651c,Sent,2025-11-21 10:05:10,0.00000081,,0.00000000,-0.00000081,0.00,-5000.00000000
ca45822f32c9ae7b75fe2b2fb849d7a674d1689a65b9038c22a540cc7435db25,Received,2025-11-21 10:27:10,0.00000257,,0.00000000,0.05961531,0.00,0.00000000
bb6e25cd68d8cf123efca182493c4b6bd747717192059c167ee3e3410718afb3,Sent,2025-11-21 11:52:10,0.00000047,,0.00000000,-0.00000047,0.00,-4176.00000000
532ddfe6a7d746e5cdb850378109464a02d7b74110591876277ecf898284dc00,Received,2025-11-21 11:57:10,0.00000392,,0.00000000,0.04894599,0.00,0.00000000
cc5c7bebebdf117fbfb7fc4e5522cbc6cc1d939ec8b73216fb51754b844cbd9b,Swap,2025-11-21 15:20:10,0.00000142,,0.00000000,-0.18470016,0.00,15498.70440733
ea25b6273fcbdada4e71ec5ec2ba4ae0ef4d408a60d4eef60fd50fe740d943ea,Swap,2025-11-21 15:23:10,0.00000097,,0.00000000,-0.00302824,0.00,254.21153337
0bc3ecf6f9a301eb65af9abd26a2962c766f1bb75b7c87252f93bc6d2e8030fc,Swap,2025-11-21 15:25:10,0.00000053,,0.00000000,0.00000158,0.00,-0.20000000
f6e9c4bdb79f5a49b9c5be06e3ee77bc7b71521b4c21a7b499c2bfbf42977461,Sent,2025-11-21 15:26:10,0.00000054,,0.00000000,-0.00000054,0.00,-15752.89543475
c27dc282c1c3a3bb78d33e593d80c049f10329dad912f0ac4b8e83483e2fbaa5,Received,2025-11-21 15:31:10,0.00000272,,0.00000000,0.18773706,0.00,0.00000000
b4077b550d016cb147275e8410b91ba8f1dfb990ead7b4d2c9a29de2a975416d,Swap,2025-11-22 13:39:10,0.00000046,,0.00000000,-0.00005431,0.00,4.61737752
31d5f971b3baba3ef7fab73a68a5392593e0390eadfcca3a155ab11ea570e1c4,Swap,2025-11-22 14:36:10,0.00000053,,0.00000000,-0.00000588,0.00,0.50000000
738351c5c7c720836af99f1387d0838833e0e6a143e2aaf549614b44ee44604d,Swap,2025-11-22 14:45:10,0.00000060,,0.00000000,-0.00000588,0.00,0.50000000
085ddf56af820f3998831f1fb43426a6b992649dfbdacee202207aa23bb9c502,Swap,2025-11-22 14:46:10,0.00000053,,0.00000000,-0.00001177,0.00,1.00000000
3fe627e2e63c01251cb9fb9a7df97954a7aef6db51ea15d278fc0e30ca93e136,Swap,2025-11-22 14:53:10,0.00000053,,0.00000000,-0.00001177,0.00,1.00000000
f1862c652f4b22ef69ecda9c1eae4928b1631603dc7455bdbdffd299afcd43c3,Swap,2025-11-22 14:56:10,0.00000053,,0.00000000,-0.00000589,0.00,0.50000000
f7d176d0cb60423ef6712c5bcaa7d58f799d182de416ab77636c35fb9f78c244,Swap,2025-11-22 15:02:10,0.00000053,,0.00000000,-0.00001177,0.00,1.00000000
2e813ebe8179f0ecae8f7d9c291581600d4c24ad9dbc4c9167a81b83728f473d,Swap,2025-11-22 15:06:10,0.00000053,,0.00000000,-0.00001177,0.00,1.00000000
dc3911de502660948eaf749c01d071e4214d2bd543f40c94246c948503c90b61,Swap,2025-11-22 15:10:10,0.00000053,,0.00000000,-0.00001175,0.00,1.00000000
1e86f1357cea02cf2a60bf3aeed1d2ed86349a4fe25101a2d87ef91bd1744136,Swap,2025-11-22 15:12:10,0.00000053,,0.00000000,-0.00000294,0.00,0.25000000
70070a524478304236c2d03969bcfd81b2cac49b43631dec782b6540afb1931f,Swap,2025-11-22 15:32:10,0.00000046,,0.00000000,-0.00010289,0.00,8.74976526
93fdb1293f398d00f819a334fd890d9b67d79b56cb558b0772a94e5dd2661292,Swap,2025-11-22 15:40:10,0.00000053,,0.00000000,-0.00000294,0.00,0.25000000
d9584eab41cb3681258a734ad67d37aaea489df945b65d1a32804c816566b4ff,Swap,2025-11-22 18:01:10,0.00000136,,0.00000000,0.01010847,0.00,-1020.36665162
b09c0755e3c8893c7d3c2cc01af245fe52c36461e29447d3fc0a29c2df49278e,Sent,2025-11-22 18:14:10,0.00000033,,0.00000000,-0.10000033,0.00,0.00000000
7cfe116af5f2ba4d460ace0df27fa97cbe15ede7135f513da907026257264e2a,Received,2025-11-22 18:19:10,0.00000392,,0.00000000,0.00000000,0.00,8423.01627187
459fb0fed226c580094771f3647ca1f99d39ab9df8dc755e1efd122e8c81d030,Swap,2025-11-22 22:25:10,0.00000176,,0.00000000,-0.09760668,0.00,8370.37284707
68ad2d1b3d35508395cf0e480f84254ffd82c10a8d3b0af05a4eefd0f0ae0b90,Swap,2025-11-22 22:27:10,0.00000055,,0.00000000,0.00000153,0.00,-0.20000000
e04af385d567beb8e4e3585f2fd54485f3d31e9e640959aecfbf94d1c6ec6f0e,Sent,2025-11-22 22:28:10,0.00000047,,0.00000000,-0.00000047,0.00,-16793.18961010
afec100efb18eb5df118c4c9d75b8fabeaba18edec08d82952439ddc9700fa4d,Received,2025-11-22 22:33:10,0.00000257,,0.00000000,0.19608870,0.00,0.00000000
1117168934373877c2376527aee7d7941c6d21b479063070fe4460cd84623052,Swap,2025-11-23 05:13:10,0.00000060,,0.00000000,-0.19608976,0.00,16711.65224134
73f32e95d0672b49062878973076a2f557175bd657c68312addc0912812e0949,Swap,2025-11-23 06:16:10,0.00000053,,0.00000000,0.00000151,0.00,-0.20000000
34da596deb40d1cd7380edef6103c10296b52b50f51d7f0f06cf7bd3ce32701d,Sent,2025-11-23 06:16:10,0.00000040,,0.00000000,-0.00000040,0.00,-8350.00000000
ccfc3cca78d4fdf5a4b8450da16929425e943de21f62fbe88f3c70a81d259878,Received,2025-11-23 06:22:10,0.00000257,,0.00000000,0.09668820,0.00,0.00000000
3954ee1079924eceb91a16460a4720bd9fbaf9aeed383cb484cda0be7188fb46,Sent,2025-11-23 17:40:10,0.00000040,,0.00000000,-0.00000040,0.00,-18.00000000
9a00c9f0ec743e3ae755f31afff6c234b83ba5aa8952acff873006c350ffe42c,Swap,2025-11-23 20:03:10,0.00000080,,0.00000000,-0.02665667,0.00,2356.16259765
7037f48c2df7000dec44ecfc4ada2c27add7c82d994ae7161dfe7d638ee11493,Swap,2025-11-23 20:05:10,0.00000053,,0.00000000,-0.00001134,0.00,1.00000000
ccebdb90d88884ad656a2a138d1c8e8f04796269e52e6c05d6f76d6b5d3c80e1,Sent,2025-11-23 20:06:10,0.00000054,,0.00000000,-0.00000054,0.00,-4000.00000000
545c1cfdb6500705254addfd0c12d6d950b2590f35dbb42dc52bee23236099cf,Swap,2025-11-23 20:07:10,0.00000053,,0.00000000,-0.00000341,0.00,0.30000000
e8c01f34eae03dcb9146fa71103efe91df80b4841f024ccfa2995e1756985739,Received,2025-11-23 20:11:10,0.00000257,,0.00000000,0.04562931,0.00,0.00000000
33c57a6ebaea246149b2f19f85296686ebe1d8d4e09a2ac0773c73fc3414d277,Swap,2025-11-23 23:07:10,0.00000053,,0.00000000,-0.00000114,0.00,0.10000000
0cea44eeb9e7f44b1b35317fc75275ee3fe9f7b0382fcd8f185f12b94c35cdc1,Swap,2025-11-24 14:57:10,0.00000178,,0.00000000,-0.11564512,0.00,10239.33485903
027f4055c20702c2d5b95935ab23395ffbaca45bec3474d1b796e1204aff1f5d,Sent,2025-11-24 15:09:10,0.00000060,,0.00000000,-0.00000060,0.00,-8500.00000000
a0d79ce7467ddc0ba8d027c601d39771499bdab354fe354828d63a540b94e022,Swap,2025-11-24 15:09:10,0.00000053,,0.00000000,0.00000145,0.00,-0.20000000
97d208ed6b3ac168b5ffa9f46ae9c10c2f12bebd20d114dfffea67cf1e37f08e,Received,2025-11-24 15:30:10,0.00000257,,0.00000000,0.09615873,0.00,0.00000000
9806edc26683f5c39b72f4bda8536deea56c63539ac084646c5d2b611d79ceb5,Swap,2025-11-24 16:36:10,0.00000053,,0.00000000,0.00000144,0.00,-0.20000000
5a77f45ce4c78f385aa48e1efc8da056181025dd67453ce96c8e462d7f46c144,Swap,2025-11-24 16:36:10,0.00000178,,0.00000000,-0.09615958,0.00,8574.56248974
15927a09d1b88cb8c5d57d20673084d8a5781d2681454fc2fd6bd680d0ba1ad2,Sent,2025-11-24 16:37:10,0.00000040,,0.00000000,-0.00000040,0.00,-17014.51218776
a5363321abfd23e724229125b5b0e4193f8cf73538f600a52932103318526e6c,Received,2025-11-24 16:42:10,0.00000257,,0.00000000,0.19142337,0.00,0.00000000
b1124909730d4d9946631f34d4061574764d083224010231be5b7dffe51ab59e,Received,2025-11-24 20:47:10,0.00000040,,0.00000000,0.00000000,0.00,131.89525824
8c39fbc939a0f39d4fe9ac2223f22924bae79957f1ab795bd9f6362da2e19c68,Received,2025-11-24 20:47:10,0.00000020,,0.00000000,0.00010143,0.00,0.00000000
11c34c6175c6effeef65733848fd15305647cb223f9adea727ef9c8444ec16a9,Swap,2025-11-25 02:00:10,0.00000107,,0.00000000,-0.04102107,0.00,3643.83727375
d3f143ecd02295fd4be00c1977dd9a5338d4ad34d7f194a10db5f77d125a35f2,Sent,2025-11-25 17:11:10,0.00000040,,0.00000000,-0.00000040,0.00,-100.00000000
0fcd327ba956b2196f09f653cacc060eb161a40199867b5adbe3752a95802fcd,Received,2025-11-28 00:32:10,0.00000033,,0.00000000,0.00000000,0.00,168.24406631
103c3aee100328f1a95e76fb5e0e7e0fc4c0da65abe1655cca189fa62aaebffd,Swap,2025-11-28 14:05:10,0.00000096,,0.00000000,-0.11227804,0.00,10272.05521207
7569b213633119f203eafc7f7dd6aafc56d0468e6742e2b13655d806f4422012,Sent,2025-11-28 14:05:10,0.00000054,,0.00000000,-0.00000054,0.00,-14116.03181037
2911d9656ea68491bc2fb87f64d379484a725f539ed4748433f0ee94b2e37627,Received,2025-11-28 14:09:10,0.00000272,,0.00000000,0.15480003,0.00,0.00000000
84fabf7d473984309cb4d3dc8b9432a9ae7999fb628df1f0869a3eb6eaae6dfd,Swap,2025-11-30 17:11:10,0.00000197,,0.00000000,-0.19302582,0.00,17759.19242178
9aa288676a27f88a221bc1461c66fb0832c5d04b9fb20c82fe4a14ce68a34638,Swap,2025-11-30 17:14:10,0.00000055,,0.00000000,0.00000137,0.00,-0.20000000
a79f6bed314d60cb23426b62112cf63535d7d9e35e6176aced7849877f5936af,Sent,2025-11-30 17:15:10,0.00000033,,0.00000000,-0.00000033,0.00,-17758.99242178
1736de0fc846040c7238fe20e8804d02bb226dd964704cfe43493e678e966c4c,Received,2025-11-30 17:19:10,0.00000257,,0.00000000,0.19383096,0.00,0.00000000
6691271178d56b20de31ea6c00be741e8f1387fbd076a3aca43b1acaa1a2d762,Swap,2025-11-30 22:00:10,0.00000062,,100.00000000,-0.00019423,0.00,0.00000000
2e301dfd7e139e88f709932b06c0c77f1e779605ce03b13b1d0b781c7a56d3c2,Swap,2025-11-30 22:01:10,0.00000062,,-100.00000000,0.00000000,0.00,18.22090010
b6ee78cf6f890558e32e500c9d46aaf9101695252ee7cf887dd46af9c8b2d1e3,Swap,2025-12-01 05:04:10,0.00000094,,0.00000000,-0.00461576,0.00,400.00000000
349148f7c6e67784c0c5df0174d62c222de849d82969261945d26fde8bddc1b9,Swap,2025-12-01 05:14:10,0.00000053,,0.00000000,-0.00576970,0.00,500.00000000
a4382b6d7e53b8517725535a83b6024be191ec9d451d49771b8c830fe267c93a,Swap,2025-12-01 05:24:10,0.00000046,,0.00000000,-0.18325231,0.00,15880.57967190
2414aae6a282d62317b1c28ee94d466f7ce0c0ae97b86c7a335c391898e32a8d,Swap,2025-12-01 06:21:10,0.00000173,,252.38669459,0.00000000,0.00,-42.77561617
54797d243cf37789645c4b09b9966231685d555ee2231fd75352c56836396ceb,Swap,2025-12-01 06:42:10,0.00000046,,-252.38669459,0.00053287,0.00,0.00000000
1f20936d2d0949b219c17408ec2b54e67cb3a7b6d3e518569d20ea3e5712c1a5,Sent,2025-12-01 06:43:10,0.00000054,,0.00000000,-0.00000054,0.00,-16756.02495583
9172488d0018f43bc2e314bd327d1343caef556c9aa0505de8081b90f6353244,Swap,2025-12-01 06:43:10,0.00000053,,0.00000000,-0.00004616,0.00,4.00000000
aa0fc5e44bd76b0e8562dc3e81c8e30b4e76e5fa60a529d07a29a9e3188d7977,Swap,2025-12-01 06:44:10,0.00000053,,0.00000000,-0.00001154,0.00,1.00000000
8b5ba50a284c5de23a9479e55ebaf9a53c9d67915b9eb91f18a313742331846a,Swap,2025-12-01 06:46:10,0.00000053,,0.00000000,-0.00001154,0.00,1.00000000
94808035a96b6c4f1d1289dabe441e7ea63dad619f6d54339b061548c953993f,Received,2025-12-01 06:48:10,0.00000257,,0.00000000,0.19291188,0.00,0.00000000
074f57e7fc4c753ec8d8cb204d14c9f386590e05293158a532b5c19ad7cdf976,Swap,2025-12-01 06:58:10,0.00000087,,0.00000000,-0.01000000,0.00,863.92792675
04acd5d743bd3309f7be0f9d10d0db5f3c21b87fca9c7b77508383bfa051439e,Swap,2025-12-01 07:24:10,0.00000053,,0.00000000,-0.18337497,0.00,15968.42762664
65d6adb3c7a328e72a6441bb9c71a883437f80d5d1a4dd98c8549fd640e37ad6,Swap,2025-12-01 07:25:10,0.00000053,,0.00000000,0.00000150,0.00,-0.20000000
e85fd678ea4719c70ffe0866bb1e31664afbe47714d778a471501651885e69af,Sent,2025-12-01 07:26:10,0.00000067,,0.00000000,-0.00000067,0.00,-16000.00000000
ba334de4d97790fad0d951eb1cf33eb38b325ccd580a2a31425e9924547cd491,Received,2025-12-01 07:30:10,0.00000257,,0.00000000,0.18461019,0.00,0.00000000
0c68b12870516ec19666bda3a374eb90b31eb3b67ec3570b067319b01d6b9d19,Swap,2025-12-01 08:46:10,0.00000060,,47.51000000,0.00000000,0.00,-8.07296595
d2416cc6e4091d60ff50b402703c0eaa904cd2428b128b3675e8a25a79a4654d,Swap,2025-12-01 08:54:10,0.00000046,,-47.51000000,0.00010018,0.00,0.00000000
f21df8cbc57dc01ed579627efd27d7d411845b666c777cb3752e37837f50c252,Swap,2025-12-01 09:03:10,0.00000053,,75.64000000,-0.00014898,0.00,0.00000000
9bca0c306221766b8e546548407574b1c3bdce095bb40c59e76046978429d9e9,Swap,2025-12-01 09:05:10,0.00000053,,-75.64000000,0.00000000,0.00,13.80589874
f69f46974ed534b16b82503d78142bc4e06e2acd23201cd417dd02dabae3fb3d,Swap,2025-12-01 10:25:10,0.00000053,,0.00000000,-0.18456222,0.00,15956.44254289
9e64f05014ebac07857b07b5c52b6052f0397b161b264568c94dea910e6c87d7,Swap,2025-12-01 10:31:10,0.00000053,,0.00000000,0.00000151,0.00,-0.20000000
80888ea770bb1a57694e6e7324cf5f722cc5aa8c9768c40c089a0eadff1b8105,Sent,2025-12-01 10:31:10,0.00000047,,0.00000000,-0.00000047,0.00,-16800.13102907
5b6322b75a0f9d2c33ccb42ebaf1f02ddaf44c0ffaf5166fb7623c03f177e3df,Received,2025-12-01 10:36:10,0.00000273,,0.00000000,0.19565913,0.00,0.00000000
fb62fa14cdeccd8c55c85bfa34f469d16f6bdf1bc44a9fe815cbd6871ce4fb9d,Swap,2025-12-01 10:38:10,0.00000053,,0.00000000,0.00000152,0.00,-0.20000000
5fe7c966bfe8c54aee15243cb288c41affb4f1ce0dfe28488f7cd0ce8a287d59,Swap,2025-12-01 10:38:10,0.00000053,,0.00000000,-0.19566017,0.00,16889.76985748
f5899835e414bcfef751339b269476a22bdf693ab3ce38b06c82028a6b3d2e06,Sent,2025-12-01 10:39:10,0.00000033,,0.00000000,-0.00000033,0.00,-16889.56985748
2f5dc22ec427c36729fad92d84ca20468b04f10419ca00e21bced0a3ad2a4d0e,Received,2025-12-01 10:44:10,0.00000257,,0.00000000,0.19662816,0.00,0.00000000
5faaa27ed52fcd3c945cdb184857d06eb66679ea94ce237a1a6d1379e240afe7,Swap,2025-12-01 10:48:10,0.00000060,,0.00000000,-0.19662935,0.00,16958.21521485
012b443e3c8931bfe2881aed88e720707ee35672eb152fc634c2a68eab433806,Swap,2025-12-01 10:56:10,0.00000053,,0.00000000,0.00000151,0.00,-0.20000000
b6ffe3fa086efe3f35656a9f25bee37de158c98a14e2db48bf495e2a4e7e790d,Sent,2025-12-01 10:57:10,0.00000033,,0.00000000,-0.00000033,0.00,-16958.01521485
981934f8b9136936c2cd4327c564e8c589c21cd26780c2f910ec0e4b8f971da9,Received,2025-12-01 11:02:10,0.00000257,,0.00000000,0.19691787,0.00,0.00000000
2e9e80f07df8c571805931cba599a49a7047d6d89f5f7eea0d66495856c7e3c0,Swap,2025-12-01 11:22:10,0.00000067,,0.00000000,-0.19691905,0.00,17037.42586775
bccc7ad93a8e94cb898f70e209a77e5f25f7ae7cd72779c7841938f5766533ce,Swap,2025-12-01 11:24:10,0.00000053,,0.00000000,0.00000151,0.00,-0.20000000
5a53ae692dd1bbce7c715ba3716760f9a1bf48066b0f98f21faefdc0fac59513,Sent,2025-12-01 11:24:10,0.00000033,,0.00000000,-0.00000033,0.00,-17037.22586775
6b2a687298c3119375f10e7242c2a519f1746a076e8caa802bbf02071294fe44,Received,2025-12-01 11:46:10,0.00000257,,0.00000000,0.17998500,0.00,0.00000000
a0d7da4c08065719ff38feda5849d10fb877380b098d57ab02bf3ef203a3331b,Received,2025-12-01 11:48:10,0.00000257,,0.00000000,0.01765713,0.00,0.00000000
ec45bc9aeb7efd76456700dce2198f9ebc5a9ed7b5f894bcd1dc3abfb61e92ae,Swap,2025-12-01 12:07:10,0.00000046,,240.25000000,-0.00047605,0.00,0.00000000
7be6233fb7f56e849cb99d1064783dceaa0ae423f9c84fecb7cd5a79d65a7ec1,Swap,2025-12-01 12:08:10,0.00000055,,-240.25000000,0.00000000,0.00,44.08238715
921b449266e428b50f208718b0339478a42f0539464e01a48de94a55bb7d1246,Swap,2025-12-01 12:39:10,0.00000053,,338.50000000,-0.00068001,0.00,0.00000000
a200bbcf5a5983c2c6e033ee3a6f01ee42d52609badeabcc89c99ce6a5a8dfdf,Swap,2025-12-01 12:40:10,0.00000072,,-579.04000000,0.00000000,0.00,107.91061814
fb353559102999c49cbc277706983f63e04cfadc3412181afd9fa10d7cdc6968,Swap,2025-12-01 12:40:10,0.00000046,,240.54000000,-0.00048336,0.00,0.00000000
513b03c120a18adc19d642bc2d0ab3e20a47062550debfe9b652866a0e1c84e5,Swap,2025-12-01 12:49:10,0.00000053,,0.00000000,-0.00001183,0.00,1.00000000
240a1faab74e5773e75af80c66e9b309d27a785433f3e17794e683ccf1fb677c,Swap,2025-12-01 13:38:10,0.00000053,,0.00000000,-0.00001173,0.00,1.00000000
0fcb32eaacfc667c4db33869fcc8972bfc4735896be75966f0ef2eff30a7b15e,Swap,2025-12-01 13:44:10,0.00000046,,12.59000000,-0.00002503,0.00,0.00000000
4d906cd7b887e01d60af908494f0c0f8474244f512d2585365bdf6357de99bd8,Swap,2025-12-01 13:45:10,0.00000061,,-12.59000000,0.00000000,0.00,2.22706575
e8b1be50048ee273d0a43ed3e871292eeb75c2e89ba77f43e6094480ac05cc54,Swap,2025-12-01 14:25:10,0.00000046,,1949.00000000,-0.00389754,0.00,0.00000000
daad2d3948e51bfdf59f8ba0989ace63a4acc629829f2bc03b5b603e586909c3,Swap,2025-12-01 14:26:10,0.00000053,,1018.00000000,-0.00203436,0.00,0.00000000
c6217719ccff885e70a7199459ac6deec0cd01946c137b6b31e6120a232ea1f2,Swap,2025-12-01 14:27:10,0.00000060,,82.07961937,-0.00016403,0.00,0.00000000
9169648850d975bea440e61e90e6493631e0b6c304e3bb7763e76409efe05970,Swap,2025-12-01 14:29:10,0.00000046,,971.01000000,-0.00194046,0.00,0.00000000
3ff17336890710d41c863b254d28fc005cc4c0da67598a68458745f165b30f42,Swap,2025-12-01 14:33:10,0.00000046,,2909.00000000,-0.00581956,0.00,0.00000000
a4f99d3e27d45e2b2c7d27bf943ecd0836acfe8cacd878b63e7214d476f1e42c,Swap,2025-12-01 14:37:10,0.00000046,,144.50000000,-0.00028926,0.00,0.00000000
4093cde3187da24d4b4988f9b3cb9cfde68b7a76b74c93cf388c3bdd9dc68ae9,Swap,2025-12-01 14:38:10,0.00000053,,387.80000000,-0.00077586,0.00,0.00000000
f69ee8eb96a5de28189f109c487758efbdc78ccf807292eea4a92d4d9657b374,Swap,2025-12-01 14:38:10,0.00000053,,1222.14000000,-0.00244511,0.00,0.00000000
6eb134533319db4229a3e5de3d035d81dabe46d8ca395ca49411802159950706,Swap,2025-12-01 14:39:10,0.00000095,,-8683.52961937,0.01873052,0.00,0.00000000
c196ecab5d79e8e02c60e2c601c6f17429794b38450695649c3ce553c6860594,Swap,2025-12-01 14:44:10,0.00000053,,484.50000000,-0.00096756,0.00,0.00000000
a46e2aba2d80d2dd3e3a1b5b2fbf601b569185a8a3b70197cb03114fbf06d152,Swap,2025-12-01 14:46:10,0.00000085,,2505.05000000,-0.00498672,0.00,0.00000000
e90cfa86d53ebd6bddae883b323e63d64856bf9050570dd93cb777318f7c62ca,Swap,2025-12-01 14:47:10,0.00000053,,0.00000000,-0.00001168,0.00,1.00000000
f5c897d8b1c884dae4536ff0a940b352902059fa586ed3018ccf48ffc534bc73,Swap,2025-12-01 14:48:10,0.00000046,,28.11000000,-0.00005593,0.00,0.00000000
f4c9ecbea346ce89509361e6f01d5bc3ab6630d4ecd6eefaaf167e5885ac1133,Swap,2025-12-01 14:51:10,0.00000060,,163.28000000,-0.00032494,0.00,0.00000000
0f050a4b994f2168fb3e11e2b2d859c449ec6d2c04d72310a8ccd01d5bbeb632,Swap,2025-12-01 14:51:10,0.00000074,,-3017.66000000,0.00000000,0.00,553.81971407
f971ef81a0892768c0c8d385082cb163f8287cd69e97e07515c1d32c55b5fe7e,Swap,2025-12-01 14:53:10,0.00000053,,79.00000000,-0.00015749,0.00,0.00000000
289ba711e3bb2916529d7781838d1785cf24da3f222b1467cebd17fc9b2dfe28,Swap,2025-12-01 14:54:10,0.00000069,,-242.28000000,0.00000000,0.00,44.35577849
837d299f514a57568bdf770a12ca3678864761a89c336ba6292e27e004859ed7,Swap,2025-12-01 14:55:10,0.00000053,,2968.02000000,-0.00591603,0.00,0.00000000
d7863e0f5e1da71cfb2e0392f4eb38017c28d8df2975f8667e8fa90687f8164b,Swap,2025-12-01 14:56:10,0.00000053,,192.74000000,-0.00038428,0.00,0.00000000
02a269f378f450c4cc0069604cc709f605505b419ccf78e350af042b5c256b22,Swap,2025-12-01 14:57:10,0.00000046,,485.01000000,-0.00096700,0.00,0.00000000
cc29cacb326e6907f3fd7b181fdea55c3b35114d85c9e70d56bfe5a356993192,Swap,2025-12-01 14:59:10,0.00000053,,299.00000000,-0.00059647,0.00,0.00000000
8ba784000e2f5a216f5fafcd3b0bd68370ed537fc8191b06fa6124c8f04dab28,Swap,2025-12-01 15:01:10,0.00000067,,-3944.77000000,0.00851629,0.00,0.00000000
04e505bfa2a635945d25f0c6cd2c315b591be3aa62e6fa8b8f3a41f32b573ef4,Swap,2025-12-01 15:02:10,0.00000046,,969.00000000,-0.00193478,0.00,0.00000000
3d6454d0162a47fc4362687295934fb677dc883aada6869f1394d0f314e4091b,Swap,2025-12-01 15:02:10,0.00000053,,179.00000000,-0.00035740,0.00,0.00000000
d61c39336481dc178f74c143821b8608c526390c9133cf6f395a82961ac76c72,Swap,2025-12-01 15:11:10,0.00000053,,299.00000000,-0.00059648,0.00,0.00000000
cb5117943c54160a32617d673fc88736dc8a7898eb145f05e01cef5728a5cef8,Swap,2025-12-01 15:14:10,0.00000046,,18.45000000,-0.00003676,0.00,0.00000000
3adc3fcaabcdadd3d065a7be65bebfe7be67c0eacb253f232c361ae6eab6c1c4,Swap,2025-12-01 15:15:10,0.00000053,,1187.01000000,-0.00235506,0.00,0.00000000
f83a7f14015e782f1c1f6fad0473d5c4c1f4dd52120512562857d1c10f11cbe2,Swap,2025-12-01 15:16:10,0.00000060,,3927.25000000,-0.00778984,0.00,0.00000000
e1408b5a28354ed8232fc697e2029a849d434e1772c6f637265dd77685e712ed,Swap,2025-12-01 15:18:10,0.00000060,,1388.50701000,-0.00275969,0.00,0.00000000
dd8642de4a1e32042732076af82992d5ac180b9a566b837fd9af2134f2574a3a,Swap,2025-12-01 15:20:10,0.00000053,,249.00000000,-0.00049489,0.00,0.00000000
e9cdfb986d1c3bfc9fe3d13d34595025d42667f5c245ef838a858008a0c15893,Swap,2025-12-01 15:24:10,0.00000067,,496.62000000,-0.00098683,0.00,0.00000000
08d489f78ad3c62a9bc98e68780f96b32119271cfdeadf5d84417ee5a5c95add,Swap,2025-12-01 15:26:10,0.00000046,,486.50000000,-0.00096672,0.00,0.00000000
f9ccc066b1e6bf1597afea139b6b8449b2165747d93da8f054d2a9d20f0a9eaa,Swap,2025-12-01 15:26:10,0.00000087,,75.84000000,-0.00015070,0.00,0.00000000
9b74ae3963fe2f95a5ea975b7226c86149c6fef7db2332c2879a8c8ba5e702d8,Swap,2025-12-01 15:29:10,0.00000046,,28.23000000,-0.00005610,0.00,0.00000000
4179a7ec5bc7b357413a24f1797b0ff035aaf763ea90572fa7234a34c46bdd66,Swap,2025-12-01 15:29:10,0.00000053,,2999.00000000,-0.00596023,0.00,0.00000000
bed3484dc6101cf576f01a1a967a647f2d922be700abf829b0b744c22ca27898,Swap,2025-12-01 15:34:10,0.00000053,,5.00000000,-0.00000995,0.00,0.00000000
c810f49f846818c37ce0628d4a93fb147c64bd1e68e0c10489fe92d9543dfcac,Swap,2025-12-01 15:36:10,0.00000053,,974.00000000,-0.00193646,0.00,0.00000000
5d64709f7c97efcd66a2335e844871c95cbaaf2801d8d52e4b15de036f23daf9,Swap,2025-12-01 15:38:10,0.00000046,,28.00000000,-0.00005576,0.00,0.00000000
c3a4280ebf3f4881efadea3fd4760e5e1d61984a8372a6e1e7c057fdaa1975b8,Swap,2025-12-01 15:42:10,0.00000053,,483.99000000,-0.00096628,0.00,0.00000000
c73955a787d32161ec2e27ac69cae695260808dd89bbb35d6bf85e2be0fe9a9c,Swap,2025-12-01 15:42:10,0.00000053,,1148.00000000,-0.00229198,0.00,0.00000000
e0dfd520ee57f64315be41a5d1e1843bc31791ac2a676c2c507941481ac203d2,Swap,2025-12-01 15:43:10,0.00000163,,-14942.39701000,0.03226272,0.00,0.00000000
bddf1a2c6fbcf0671fd8f6e7572876d1f1c60864727f0bd0cf8e5b2f9f22aa23,Swap,2025-12-01 17:22:10,0.00000053,,10.00000000,-0.00001980,0.00,0.00000000
89643744284ae12d5cb4a6ca2125904e982023c6f091a49db06609dbe80faaea,Swap,2025-12-01 17:26:10,0.00000056,,2867.02000000,-0.00568841,0.00,0.00000000
a5d83e0593b92ba08d9471bb0814e5f88f4f5d6e8761eef134bae46275a64ce0,Swap,2025-12-01 18:09:10,0.00000053,,-2877.02000000,0.00614556,0.00,0.00000000
f55c9a8ba77c1ef9fc6b390be19844dc2c85c66244a86d2097736b01629cb2ed,Swap,2025-12-01 19:25:10,0.00000095,,0.00000000,0.00867426,0.00,-755.39556360
183cc2222bd009339d4da2387d2f9bf68367c2455170195c53c56582849a0e26,Swap,2025-12-02 11:09:10,0.00000053,,0.00000000,-0.00001131,0.00,1.00000000
b2df03eaf1dd65b48b75f41685f21bf10b6a0ac0f9338dca4a7ad2edf1c28b4e,Swap,2025-12-02 12:25:10,0.00000224,,0.00000000,-0.20312494,0.00,18472.57762942
b36aba3eff0baf7c576884b491196ed0234bc3fde511e02c9de6f09e1a83f879,Sent,2025-12-02 13:03:10,0.00000040,,0.00000000,-0.00000040,0.00,-18473.37762942
f2b700fb89fb1c5fa47563003bd200ac2c31c41dd2094a9ccc2d62677379f5f4,Swap,2025-12-02 13:03:10,0.00000053,,0.00000000,0.00000138,0.00,-0.20000000
b6892ffbc43b53e50fd21a1fe9bd1a67027a36e14050f59c21233019fb84d294,Received,2025-12-02 13:08:10,0.00000272,,0.00000000,0.20275203,0.00,0.00000000
07ebd9f6039d5b7949864036939a83b9a2a2c1dc1a9863574399bcdd97816022,Swap,2025-12-03 01:09:10,0.00000268,,0.00000000,-0.20275301,0.00,18898.45143540
c94c8c644a8634a4e08a059f966c5ecf60f565e35cee7b4f6782743e98827950,Swap,2025-12-03 05:35:10,0.00000053,,0.00000000,0.00000134,0.00,-0.20000000
cbd65f6e9d802d283425b08e0c70c56387793249da8965cb12650e0c5542b4b9,Sent,2025-12-03 05:36:10,0.00000033,,0.00000000,-0.00000033,0.00,-18898.25143540
49a5dcd9a74c1723077007e96372a5775c2a1c4c67d5c92f47f2369b8d760e7b,Received,2025-12-03 05:42:10,0.00000272,,0.00000000,0.20687790,0.00,0.00000000
c51637e68d2610264128856e0f48bec70a475a30b79756e035cfafc27377b6f7,Swap,2025-12-03 11:14:10,0.00000060,,212.31000000,-0.00039312,0.00,0.00000000
212b6f4f8db594eb3d686767393a7e8f1643cde1ca53c2ce2035b050710b19f2,Swap,2025-12-03 11:14:10,0.00000063,,-212.31000000,0.00000000,0.00,39.14923155
8f158d2af1c0ef7fe22393a1842e97470cd073edd4c5dc3576d42c2b7e999b23,Swap,2025-12-03 11:15:10,0.00000067,,3127.03000000,-0.00581834,0.00,0.00000000
8dc1e8fafba2884119a6ada95404379a9f3855bf6f9e3c728549794432182469,Swap,2025-12-03 11:16:10,0.00000053,,0.00000000,0.00665667,0.00,-617.31268993
4ae39473085f2ed3c90562ce690a7f9f0a3ec01117a4c45583f80df56a03e43d,Swap,2025-12-03 11:16:10,0.00000067,,-3127.03000000,0.00000000,0.00,578.16345838
d4401d7286debdaea785f1f2f2ad0cb32960b3037929a448aed3d40872094c60,Received,2025-12-03 18:37:10,0.00000040,,0.00000000,0.00000000,0.00,141.15664029
52b5589009835f55c208bed61d05c4d7e41bbed17d2d8a4250eea96e2194510e,Swap,2025-12-04 06:49:10,0.00000170,,0.00000000,-0.00206800,0.00,191.66987457
547559cb49f0b2a426fa50350fa5c1fd94517a07c0107ac6d06eee99d4c04f8f,Sent,2025-12-04 06:50:10,0.00000040,,0.00000000,-0.00000040,0.00,-332.82651486
446dc8a2ea27188358878492298dd33dfde700c374a7b820db122c927820030f,Swap,2025-12-05 10:19:10,0.00000053,,249.00000000,-0.00046711,0.00,0.00000000
8bb43840a2d17616a10fc315998bd1057189799b5e1d2495ba4163f270a65f60,Swap,2025-12-05 10:20:10,0.00000046,,-249.00000000,0.00050414,0.00,0.00000000
55eca4d33896e17d72bdb9cc7cfb339a3700f94d74f5088ff631d931b2f6720f,Swap,2025-12-05 13:15:10,0.00000046,,8.73000000,-0.00001651,0.00,0.00000000
9fafa70cefc5bd17aa34d2a23f18cfb734a964a7ad9a20df7d7a3d21ae1848cb,Swap,2025-12-05 13:26:10,0.00000046,,-8.73000000,0.00001708,0.00,0.00000000
95720d4e7707aadfceeeb77ebc3c371daed5b8b930baeddc9891d882be1cbd70,Swap,2025-12-05 13:28:10,0.00000053,,200.31000000,-0.00037926,0.00,0.00000000
944f82cc2610ac9a321ee249984ff709db2aa981f62b09e0b4282607fc3871eb,Swap,2025-12-05 13:35:10,0.00000046,,-200.31000000,0.00040915,0.00,0.00000000
822a472aace0388673fdaf78925e42e1d7f431a7614330f3c6ffec4b32c6d088,Swap,2025-12-05 13:37:10,0.00000046,,66.91000000,-0.00012652,0.00,0.00000000
8ff763fd8a120f4b30dffeebae2917092f5bb81086c3766d33bebd4c7ca14734,Swap,2025-12-05 13:38:10,0.00000053,,281.45906531,-0.00053220,0.00,0.00000000
ed0f8db08a46be9c7c784680f48ed31886947cbcb95e758174f9517e2f7e2064,Swap,2025-12-05 13:39:10,0.00000053,,-348.36906531,0.00071164,0.00,0.00000000
cfc7985f1ae88700382d1582d2193993a5a7b2e9d4786d26260279663bdfb71a,Swap,2025-12-05 13:39:10,0.00000046,,8.71000000,-0.00001648,0.00,0.00000000
74700f78ac7c4691dfb118c96dd322c3998cba2fa33ddc90494a3c29cd3e5f9e,Swap,2025-12-05 13:44:10,0.00000046,,47.51000000,-0.00009044,0.00,0.00000000
d9fe79c9a5f0e869ee15dbc4e39fc23c2c78b7cd0b01d4235756834ec3dac8ad,Swap,2025-12-05 13:45:10,0.00000053,,200.00000000,-0.00037990,0.00,0.00000000
cce69ab0a853682b4bbbfd563614f597e03071ec5008c1d0e64d26eb7befd61d,Swap,2025-12-05 13:46:10,0.00000067,,796.74780422,-0.00151283,0.00,0.00000000
598d8e04fe56861f831f62bd449acc01a27ebc38a571de5824354c3e71f0eca2,Swap,2025-12-05 13:46:10,0.00000074,,-256.22000000,0.00000000,0.00,46.38916469
007047b69096ff816e76d947f03b99b13c1ab9a1d4d45b4efcb8abf842ca5cb6,Swap,2025-12-05 13:49:10,0.00000046,,96.01000000,-0.00018184,0.00,0.00000000
8a4d2b6930f2bf2f145cd22eb344687f20730edef297c108eddebfb7bd8b4a0b,Swap,2025-12-05 13:49:10,0.00000053,,251.00000000,-0.00047537,0.00,0.00000000
4148845988319d84194e25110dc05a5c6f967dd3faa03ac97a2e43b068a50dde,Swap,2025-12-05 13:52:10,0.00000053,,217.00000000,-0.00041177,0.00,0.00000000
d86853f3649867f3e65a8880dac1e0a1541035f0cb8deee2785e52b2dac7e3e3,Swap,2025-12-05 13:53:10,0.00000053,,56.90000000,-0.00010797,0.00,0.00000000
628702c2caa62852a516bbc136f89fe0bb25ed2f2274eb3b4af6c24fbae7ffad,Swap,2025-12-05 13:54:10,0.00000088,,-1417.65780422,0.00000000,0.00,257.03718854
f1b8ee0d0dbab9e35514d905c63ec29be50b382fbf8ee09b05fb8f03f957b868,Swap,2025-12-05 13:55:10,0.00000053,,0.00000000,0.00339426,0.00,-303.42635323
0452950066f4e84680ff36efe7d37c85c0b9fbc1b64c49e1434e2a8c35ab3b5a,Swap,2025-12-05 13:55:10,0.00000053,,449.00000000,-0.00084844,0.00,0.00000000
994783d25ee51b6bdbfb867fcb45c853959fe74528723112571fc1d365d943d1,Swap,2025-12-05 13:58:10,0.00000046,,-449.00000000,0.00091822,0.00,0.00000000
7ce7756d50678768a9cac137f15659d5cb7c9d41c2fc007d7e4af8266328fc46,Swap,2025-12-05 13:58:10,0.00000060,,960.00000000,-0.00181472,0.00,0.00000000
85aae65cb394d09037d716bad0f5e366d135ba8c05dcb1d1dbb114a37832f4fe,Swap,2025-12-05 14:07:10,0.00000081,,3647.03000000,-0.00690461,0.00,0.00000000
ec6eb952e4a21d3574674a96f93600ea44ae3cc426977e58665746f3745b6ba7,Swap,2025-12-05 14:11:10,0.00000053,,575.00000000,-0.00109087,0.00,0.00000000
4a4e2d2566617acd50ebf6570920d4c8ead33f66dde136caff58232b257e53a7,Swap,2025-12-05 14:12:10,0.00000053,,-4607.03000000,0.00943994,0.00,0.00000000
b90a477da93cb3ceb5298abee5f680730e594d5111cc4789e9bc131ce9768c43,Swap,2025-12-05 14:15:10,0.00000046,,-575.00000000,0.00117688,0.00,0.00000000
3c65306d0c5b0a005d313f4c404b7194ca88e9b1932d7d010a306389e97cf4a3,Received,2025-12-05 16:30:10,0.00000392,,0.00000000,0.00000000,0.00,129.13329367
11b1fee0822b8305012902fe0355fe217eebc6f9d0ca4de08bb410d41a4ba86d,Swap,2025-12-06 12:57:10,0.00000046,,495.01000000,-0.00091426,0.00,0.00000000
1949da06e73847fd60884a36b3cbab87d38cdc5c0b26a8462ccb9ca7357cda7b,Swap,2025-12-06 13:01:10,0.00000046,,-495.01000000,0.00098930,0.00,0.00000000
1b1e7e611083b04b9cc83e1ec628a6a6a53c617596bcbe8337988cf4eac0a049,Swap,2025-12-06 13:06:10,0.00000046,,485.01000000,-0.00089596,0.00,0.00000000
0c3ba48e6e36dd9d39da148153655262e2fc2a4e5ce63408339bf25de40708c2,Swap,2025-12-06 13:08:10,0.00000046,,-485.01000000,0.00096777,0.00,0.00000000
be263121f9376ba945b8407214c21d746f0eb33ca30468014d0b35907130a97a,Swap,2025-12-07 14:25:10,0.00000053,,0.00000000,-0.00009164,0.00,8.32000000
b65efd4de1d9c31ecd36d259731f93b6ad1995ffb50ef58dc4fc0c0863ea72ae,Swap,2025-12-08 08:59:10,0.00000128,,0.00000000,-0.03839874,0.00,3548.97712882
9868c22b999609ffa7b6c0c72f11420dc4c59663df27f547c44040ce31e5ac5c,Sent,2025-12-08 09:01:10,0.00000047,,0.00000000,-0.00000047,0.00,-3686.43042249
32f7f51385a3a9dac222230d40ae0f050e9f2be03dc601246a44cbf99a7862a5,Received,2025-12-08 09:11:10,0.00000257,,0.00000000,0.04007487,0.00,0.00000000
30f3d5898ff7c366b35dc971f1e6366a07193ef3ac33e37532dd324e2b892706,Swap,2025-12-08 14:24:10,0.00000053,,10.00000000,-0.00001854,0.00,0.00000000
ab307114c8d428104b446d5e4eb0e084a302acabbc2bab9cbf1f8583c14ae94e,Swap,2025-12-08 14:25:10,0.00000046,,-10.00000000,0.00001926,0.00,0.00000000
734b227934a73f28c36ff82cc840b86d52f8461fa4c57ebf30df4eff3af1ef41,Swap,2025-12-09 10:58:10,0.00000053,,49.00000000,-0.00009010,0.00,0.00000000
07331426ea6be22d0f1536dfaa13de0341420b49394ba0e2552972ed60e66449,Swap,2025-12-09 11:02:10,0.00000046,,-49.00000000,0.00009662,0.00,0.00000000
2ecfcdfb378cd816488069047e733ab535d2b6f2c5079d36129e0a9b5a0c74ee,Swap,2025-12-09 13:41:10,0.00000210,,0.00000000,-0.20820830,0.00,19662.11437405
4eb7f60e92bde21ccb2fff2b4b63173fd7918a03a8c319931d2d314313166dfd,Sent,2025-12-09 13:42:10,0.00000033,,0.00000000,-0.00000033,0.00,-19661.91437405
d326a0a8f03cfb053a8f917c1a541d4e7d25158d203dcb424d9b3036bb3027a1,Swap,2025-12-09 13:42:10,0.00000053,,0.00000000,0.00000132,0.00,-0.20000000
5917ca3d7a2be87f6d3e9716c8f4e5b266148b45d0622c74a97d22827b829e8f,Received,2025-12-09 13:46:10,0.00000257,,0.00000000,0.20927550,0.00,0.00000000
83a7233943e92fb2534ced1cb2e902c03b5736d3f38cbb74d7216f85a4f4ae35,Swap,2025-12-11 10:10:10,0.00000144,,0.00000000,-0.20927649,0.00,18939.67982556
256f19671326001a012f00e1b9870b5bde3fbbd494a6e5ebd61cf96c84d567c9,Swap,2025-12-11 10:36:10,0.00000053,,0.00000000,0.00000141,0.00,-0.20000000
992d3783e453477cfa6719b5f03d44f70f67d86bdfd93906f417674afcebcf74,Sent,2025-12-11 10:36:10,0.00000033,,0.00000000,-0.00000033,0.00,0.00000000
5cee4bab50eeeba1400035161df95739bc890eab713c832d45f86c6ae2854986,Sent,2025-12-11 11:35:10,0.00000033,,0.00000000,-0.00000033,0.00,-18939.47982556
0b1bcc2541411effca59d471580a774afcc261cedbd8423418399908d6cd1e9e,Received,2025-12-11 11:40:10,0.00000257,,0.00000000,0.20932545,0.00,0.00000000
b21e53f92f367a9ca7e3a33b42cdba3091ade5fe5131036565933f73edfe7b62,Swap,2025-12-12 13:21:10,0.00000060,,0.00000000,-0.00000221,0.00,0.20000000
e6d6a987012daa4c5dd2b73df2eea9e189f6b094209c3f5d25b2c0f9385161f5,Swap,2025-12-13 12:12:10,0.00000053,,0.00000000,-0.00002206,0.00,2.00000000
2ebfa6acc345c13d081552af83101aa6728fc2457c7d09bcaf2e4e03a47dfeee,Swap,2025-12-13 12:13:10,0.00000053,,0.00000000,-0.00000381,0.00,0.34520992
70d99f0c390d4097a9c621d5065f8a6496e88f882f1e0f548c8ffd19994450ee,Swap,2025-12-13 12:13:10,0.00000053,,0.00000000,-0.00001103,0.00,1.00000000
35e376f85deb48f1479355ad9bea4e11089f519b000091a33290e42352f638c0,Swap,2025-12-13 12:17:10,0.00000053,,0.00000000,-0.00002206,0.00,2.00000000
5e7942bc0235095c96c5553255ce39621425ebc8a8649352fb3b293cc511c724,Swap,2025-12-13 12:24:10,0.00000053,,0.00000000,-0.00001104,0.00,1.00000000
bd1c7d230a6d8872565288bbbfd9397c7878c881cc93c9871e325b41fa942514,Swap,2025-12-13 12:27:10,0.00000053,,0.00000000,-0.00001104,0.00,1.00000000
8ffa8a383465c63a63a1464e73e723ec8f61884f07e353f18463fd4a2155b204,Swap,2025-12-13 12:28:10,0.00000053,,0.00000000,-0.00001104,0.00,1.00000000
c070440f7520b0b95c6eb215b87d87c6c84d2553a1c90740f0b8ea5ecd3a91ec,Swap,2025-12-13 12:30:10,0.00000053,,0.00000000,-0.00001104,0.00,1.00000000
278dc2d08dce3bc45d266f620ba93f68ebd7b35e24a19c070f7b9ed9af1d5d7b,Sent,2025-12-13 16:17:10,0.00000026,,0.00000000,-0.00005026,0.00,0.00000000
f127ee2508b578be133b5a624114429ed535be47623eea59faf05e1df1aa1270,Swap,2025-12-15 12:05:10,0.00000053,,0.00000000,-0.00001138,0.00,1.00000000
f785d8759ff8a33ac225fd91c9cae01da8b2068c51aa6227c2974be5bf28ee47,Swap,2025-12-15 12:06:10,0.00000053,,0.00000000,-0.00022711,0.00,20.00000000
c1a14545144ec84be2ee4d63e8f2ca594dfa870ee434cdc8da2f36286c4ec68b,Swap,2025-12-15 15:07:10,0.00000053,,164.00000000,-0.00032081,0.00,0.00000000
ef441f8d9678179bc8080fc369258644e1bcb3ed4eaae3a88a1d35cb59b5ddae,Swap,2025-12-15 15:14:10,0.00000046,,-164.00000000,0.00034513,0.00,0.00000000
2381069e19761205f1b4b8aef1acb74eb22416a8e1ed0187b13a4997477b7fd8,Swap,2025-12-15 17:31:10,0.00000046,,971.01000000,-0.00189640,0.00,0.00000000
926743191725d1dee50af02711aed5a392dd8643a7d51542738b4b95ce53103b,Swap,2025-12-15 17:32:10,0.00000060,,-971.01000000,0.00000000,0.00,175.78657534
066954a3be39742541519840c7e3ed8985b04a78c8ae18069b15bbd95fdf8ce4,Swap,2025-12-15 18:10:10,0.00000122,,0.00000000,0.00239707,0.00,-206.33178526
3ba0fc833647f0993826df38f14e021573cce3e9acaaf014a7c75ece3a596e6b,Swap,2025-12-16 09:53:10,0.00000053,,290.01000000,-0.00055605,0.00,0.00000000
a9c997fc20c94354e43c28317aebd3824712c99eedc864147f0a914bcd6b6b66,Swap,2025-12-16 09:54:10,0.00000046,,-290.01000000,0.00059896,0.00,0.00000000
fb9323907b07f04d474d46b566b960a051cd1479ff3e9a7b2c8ef6362f02734d,Swap,2025-12-18 10:51:10,0.00000217,,0.00000000,-0.20950002,0.00,18733.04450586
037ac20ec4798c877f809f59f0b1850f1629f3c6b69e85211ab421df55f28ca1,Swap,2025-12-18 10:52:10,0.00000053,,0.00000000,0.00000143,0.00,-0.20000000
c11e2115149879612ce708cc7d529ee40614a3beded7dbf31b91b1444e3c956a,Sent,2025-12-18 10:53:10,0.00000033,,0.00000000,-0.00000033,0.00,-18732.84450586
0d5e1381e811b81b8f0bec8f9e2776a5df96d3376364e242e70e3e7d3d7dcfb8,Received,2025-12-18 10:58:10,0.00000302,,0.00000000,0.21060417,0.00,0.00000000
2820a8caa5c11a48d14ec3463727e9a42c898e54c341c55b34558d02f0d7483c,Swap,2025-12-18 18:01:10,0.00000060,,0.00000000,-0.00002351,0.00,2.00000000
3c05a438ff9dd898421e70d154ee117c31a038061801423feca00d9bc72f22f3,Swap,2025-12-18 18:36:10,0.00000198,,0.00000000,-0.21058176,0.00,18125.87447871
8baddd831b243b1b257ffbcbae837d1c9c0aac365459d20f501761fe697df423,Swap,2025-12-18 18:36:10,0.00000053,,0.00000000,0.00000152,0.00,-0.20000000
eaf0479f1c88af41cf0208ecd034225d31e6deea79d6a22847abc1b4332fe98c,Sent,2025-12-18 18:37:10,0.00000040,,0.00000000,-0.00000040,0.00,-18127.67447871
9ee1d03838ed55e702b1120b3015cd4a7d0845dac201d44eaf87f10892ed6578,Received,2025-12-18 18:41:10,0.00000257,,0.00000000,0.21176301,0.00,0.00000000
430fa2def5a23255685c400f086e557c7d8de915f7eddd512696f0df7a27e1eb,Swap,2025-12-19 00:31:10,0.00000067,,0.00000000,-0.00269001,0.00,235.78486740
6aee3be8dcb25f3125ed5dfca2f80f0685787c1b118da8b576d976161b938f96,Swap,2025-12-19 00:31:10,0.00000080,,0.00000000,-0.11050294,0.00,9673.43019988
36afab43e3a3dafebeb78bb501f4e3a765dec6e9aeba0b64774002db81072c7a,Swap,2025-12-19 00:35:10,0.00000053,,0.00000000,-0.00001138,0.00,1.00000000
e4f6feefdd949de4483f6c6e473637dbe20784fd3c63a7593323e397e335be31,Swap,2025-12-19 05:50:10,0.00000162,,0.00000000,-0.09855980,0.00,8723.11665723
4d9cd5fe99a1533a890e4a98892003560c1951a86275606025f10e97ff85667e,Swap,2025-12-19 06:11:10,0.00000053,,0.00000000,0.00000146,0.00,-0.20000000
a9d6e036e23cb03b1553399aa92b5830d1af197f15446d4313a8e9c5a0adb563,Sent,2025-12-19 06:12:10,0.00000054,,0.00000000,-0.00000054,0.00,-18633.13172451
822330e3061c92f91510de27a2b7fd8d00dbd9b85a9dfac6cd1b0d50a0c29077,Received,2025-12-19 06:17:10,0.00000257,,0.00000000,0.21162315,0.00,0.00000000
cdf9a9b530d7614a797e865b24af8d653c139443525d901d058d8ae777a4a70e,Received,2025-12-19 08:21:10,0.00000033,,0.00000000,0.00000000,10.00,0.00000000
e278bcdc14358f722528dd8e57e7806ce069126f48c46bcda2494f9139cbe5f4,Swap,2025-12-19 16:23:10,0.00000060,,0.00000000,-0.00038944,0.00,34.29999999
8810715d4f836ec17c344b0644c06cbacca885e1d0ecc2252af6f35a85c7f889,Swap,2025-12-21 07:06:10,0.00000053,,0.00000000,-0.00002238,0.00,2.00000000
2bcda188d7725c716b37707cd9db43504a6cf489ad588cf827dc93819f488af4,Swap,2025-12-21 07:15:10,0.00000053,,0.00000000,-0.00001121,0.00,1.00000000
a56766920bb3f209392c65643149080d5f23fa8de20286b1bbea556d8ced9cd1,Swap,2025-12-23 22:25:10,0.00000053,,20.39000000,-0.00003819,0.00,0.00000000
f9086582b0c4d27a50540acd97fc9822a1450dd61144b4c4c3d248e6b5dfe9f3,Swap,2025-12-23 22:26:10,0.00000046,,-20.39000000,0.00004049,0.00,0.00000000
c2f8a9ef6528ceac066bab6b280ce9a73baec94125c35bd8d3e2172be450f141,Swap,2025-12-24 00:27:10,0.00000074,,144.81000000,0.00000000,0.00,-23.77352357
42e22c4042974753885e2f87f10ff04cdf6eadf64235f56eeb4bbb818b503d36,Swap,2025-12-24 06:07:10,0.00000046,,-144.81000000,0.00029502,0.00,0.00000000
062c519a8976ab015430f2eedbac1193eb8a887a1961f1fabc284ba443e23019,Swap,2025-12-31 15:08:10,0.00000053,,132.00000000,-0.00024884,0.00,0.00000000
9b47d487513698b2b81b2548cb189a093878a71763606f611788a2846f36221d,Swap,2025-12-31 15:09:10,0.00000060,,320.80000000,-0.00060477,0.00,0.00000000
bebd3166782ed7f143ee50fe174b8ca9a18d8e909faf01ecca0b9d04572c4790,Swap,2025-12-31 15:16:10,0.00000094,,0.00000000,-0.01000000,0.00,872.96691160
9ab7f4112def9129198cd8b1ade437932f1ed6caf2a8f288153c8ed6f3f1c1cb,Swap,2025-12-31 15:17:10,0.00000067,,47.51000000,0.00000000,0.00,-7.85517829
b80660d21b8af1e339d0e42538e865c174f237bfe49dda0a0b8fd99ec91049bc,Swap,2025-12-31 15:18:10,0.00000081,,-593.00000000,0.00000000,0.00,105.89666558
ea8e62093bb5fe3352738e9eb87e1bff6895deb3589e6e3d747cb9c13350a496,Swap,2025-12-31 15:18:10,0.00000060,,-500.31000000,0.00101543,0.00,0.00000000
095556564eab40734c660199dcd7b9dba01bd329c2e029c896004d9efedc7318,Swap,2025-12-31 15:18:10,0.00000053,,593.00000000,-0.00111577,0.00,0.00000000
de9078d4a7fe66ff6ee3bd4170c3877fe0a5356f3665986f1d1712b8af62ee02,Swap,2025-12-31 15:25:10,0.00000074,,4420.26500174,-0.00830181,0.00,0.00000000
505cea5b11efeb73c1fe2417fd81321eb4d859d2f9c78ee8983d7fe71a07fb65,Swap,2025-12-31 15:36:10,0.00000060,,44.00000000,-0.00008264,0.00,0.00000000
c07047de090cf00bd9e4b891af1568393d401b35157f5e9c0e5678bf64b461a6,Swap,2025-12-31 15:37:10,0.00000053,,-4464.26500174,0.00906255,0.00,0.00000000
a44889ce3a991bc3e00d6f9444711bd6a5ba50e8592bca5de2dfb773668e5b0b,Swap,2025-12-31 15:38:10,0.00000046,,12.70000000,-0.00002386,0.00,0.00000000
fe51bb73b99bc6b23783cfb754fe9d74fb9e100ecd112a12ca1e823b7151b2a8,Swap,2025-12-31 15:39:10,0.00000053,,8.00000000,-0.00001503,0.00,0.00000000
d1be22a2e14d47352714c747dcb1427a3bf9a050a277788a49588841907ed994,Swap,2025-12-31 15:41:10,0.00000053,,249.00000000,-0.00046819,0.00,0.00000000
8c32a6bd1fe00ff3087cc1bdb28ee2a70a28aa936886880ecee239c7a077737e,Swap,2025-12-31 15:41:10,0.00000088,,0.00000000,0.01112979,0.00,-984.53487531
7b531bce7007bafea334d9407d3465ae72479f0dc7cb37e8bc8c442054b9e04d,Swap,2025-12-31 15:42:10,0.00000074,,-269.70000000,0.00000000,0.00,48.06551708
1287d594e396eab202bdc3da2318f92b4b61c6ac7e757147e85db457ea0b0c40,Swap,2025-12-31 15:42:10,0.00000053,,34.00000000,-0.00006387,0.00,0.00000000
cbedf4733325c190eca64f5b9c6d2ad9371015cba1f4e0d998015ea7bd2faa05,Swap,2025-12-31 15:43:10,0.00000067,,-34.00000000,0.00000000,0.00,5.97487049
fa65d7cc42c12eac13c70725311642ac4ee0b83682c1da450c1392f06bc506cf,Swap,2025-12-31 15:46:10,0.00000067,,30.12000000,-0.00005661,0.00,0.00000000
ea74f062e4185477567974218bfa25a12d1f73e85a6e22a63ae49dcdf8d13c50,Swap,2025-12-31 15:46:10,0.00000053,,18.43000000,-0.00003464,0.00,0.00000000
a17e264a39f9d74730bec11ca6611d1cc4085b228c4dfaf9115f85e36999495f,Swap,2025-12-31 15:49:10,0.00000053,,29.00000000,-0.00005448,0.00,0.00000000
cf5de19e75e352ceabd3cc944b5d5ee084bbad2b024550296c573c8a8faefa4f,Swap,2025-12-31 15:51:10,0.00000149,,1180.00000000,-0.00221913,0.00,0.00000000
ed2f24f16a07a56012b114c2383e1be4360863866487f1a6c975678fa2672142,Swap,2025-12-31 15:51:10,0.00000053,,26.54000000,-0.00004991,0.00,0.00000000
918efada4780fe91fe9bfb4af24c2883e7b97f6d5a40a9f29f60b07a0d272d35,Swap,2025-12-31 15:54:10,0.00000060,,1921.00000000,-0.00361533,0.00,0.00000000
21d99211454ac244332d63bf6c938503ec4095746bf83852b24b6cf1d4d26bf6,Swap,2025-12-31 16:09:10,0.00000053,,67.51000000,-0.00012697,0.00,0.00000000
41e7a585d545621feddd7d7ccb5b534b1c812e5c386bdc6c15a6a913b196bb95,Swap,2025-12-31 16:12:10,0.00000069,,327.01557814,0.00000000,0.00,-54.04038757
dc5a270975e6a0a30c3faf6eb4657f01c63613843d7cab7e59ffe91cbf8d30d8,Swap,2025-12-31 16:14:10,0.00000094,,0.00000000,-0.00100000,0.00,87.15230973
5a286a1ef749f9c1d60ecf08387528c669bd83fc71056035feb814fe259ad9c7,Swap,2025-12-31 16:14:10,0.00000131,,14658.45604128,-0.02755436,0.00,0.00000000
16e686e49a4070f3a0508e918f712f31c84fa6cb94da69661f1b8c39b8b2b397,Swap,2025-12-31 16:14:10,0.00000046,,137.61000000,-0.00025867,0.00,0.00000000
edc000c793fd695b99b4632b7bb30942a8e56daade3577536c4e583972d8180a,Swap,2025-12-31 16:15:10,0.00000053,,449.59000000,-0.00084538,0.00,0.00000000
ce57a8d47952b8fbb42aecd48356bf8106e3f05f26b6218ce0e107509373e247,Swap,2025-12-31 16:16:10,0.00000053,,726.51000000,-0.00136608,0.00,0.00000000
32f21776319d816768b330a0602ea654ecc06e61a991ffedb0bf05cd89f7e099,Swap,2025-12-31 16:19:10,0.00000053,,479.80812718,-0.00090261,0.00,0.00000000
9ae15e1d2a3b4e0b617bb13e36888be6ff5f45b35dce54131ce25fac0affe392,Swap,2025-12-31 16:22:10,0.00000157,,-20051.58974660,0.00000000,0.00,3584.17578422
9dad12f842a426386ec38b12ed2e6ded831986e621d7fb220c0e1e63c31d6aa9,Swap,2025-12-31 16:22:10,0.00000087,,0.00000000,0.04153320,0.00,-3671.32809395
68e4593ed774b62b4a6f6a0459b41fa8b9722893e7b7fdfebcc247dcc4358513,Swap,2025-12-31 16:28:10,0.00000080,,0.00000000,-0.00100000,0.00,87.04338247
c0e39826ceefa69e9d88f95a412490bb69fe83eb86dbdae6dc8a5432d21d2188,Received,2025-12-31 16:29:10,0.00000033,,0.00000000,0.00000000,0.00,79.77041784
fd754387031bfeb34f3f917af1bd8c596678b35c17b0996196ce49f3eca558a7,Swap,2025-12-31 16:30:10,0.00000046,,971.01000000,-0.00182932,0.00,0.00000000
e3489ae6ee6a944072e59493c18440c96c17d86a099085b019d5f78174f5125e,Swap,2025-12-31 16:32:10,0.00000074,,286.52999999,-0.00054007,0.00,0.00000000
840b817678c6e6f1ea7bb67f9dd752f004228fc4089ea05ec38593ac9532d675,Swap,2025-12-31 16:34:10,0.00000053,,-1257.53999999,0.00255894,0.00,0.00000000
24f1695493cae16b16c3cd561ee7b386dcc94fce0475b562de4b2c9097e390da,Swap,2025-12-31 16:43:10,0.00000053,,306.82000000,-0.00057859,0.00,0.00000000
9c61cb79fa8046e2329b88696fce0e256a0a99cedb4936ef561c1db4f2039d82,Swap,2025-12-31 16:43:10,0.00000053,,249.00000000,-0.00046923,0.00,0.00000000
a00f9cc341039673b757eeb411b5aa4160a02e57ffe40bc0154cf66cba80ccdc,Swap,2025-12-31 16:53:10,0.00000071,,676.00000000,0.00000000,0.00,-111.78431672
2cf5ee052707b84b9bb23846f8692a480308a94a63f9eed560662d67519f9ea0,Swap,2025-12-31 16:58:10,0.00000080,,280.49082009,-0.00052938,0.00,0.00000000
e531ec3681129b8ba8ad89cf908070fe147d96921ead5d70c1b9d103e6f1db26,Swap,2025-12-31 16:59:10,0.00000046,,129.96000000,-0.00024525,0.00,0.00000000
96b8211b0c4195abf29cc1ba5715018fc3a9ad3237b1eed0db5e5bc059820d12,Swap,2025-12-31 17:00:10,0.00000053,,12.00000000,-0.00002265,0.00,0.00000000
6c4a342239f231597beb0563607b3fa1748037076da9bd11ddcaa2afccae405f,Swap,2025-12-31 17:03:10,0.00000046,,18.41000000,-0.00003477,0.00,0.00000000
2c04960ef73de23f08ce2c9a930b5393a6c5f5c1dc6e4a38ab8f4b01d04bfc20,Swap,2025-12-31 17:04:10,0.00000053,,29.00000000,-0.00005475,0.00,0.00000000
b647bb726e07730a0330bbb8bab3b221e51e6c13e784e8a1fc2781d4e2024464,Swap,2025-12-31 17:06:10,0.00000046,,96.21000000,-0.00018163,0.00,0.00000000
44c696bac31198037ec408845b90990988c943cca80b3c6395c8dee6bc23ec41,Swap,2025-12-31 17:06:10,0.00000060,,382.95000000,-0.00072296,0.00,0.00000000
9f3df310507d4128a04eaff38ff3c39539aadac1b92830a5616384102ebf1110,Swap,2025-12-31 17:10:10,0.00000053,,1678.97000000,-0.00317081,0.00,0.00000000
d6c5a75e753ea79e17d71c3e2ca1eea12c1441ff4b87d41a216f94978702c84a,Swap,2025-12-31 17:11:10,0.00000046,,593.01000000,-0.00112014,0.00,0.00000000
f23154a00e44cb420d6765be3115295ec9f1e335ff3d2879248a1d9d0e75bb3d,Swap,2025-12-31 17:24:10,0.00000046,,125.10000000,-0.00023640,0.00,0.00000000
2ac04d4abb9763585dec8bf152c895f57f87541fa16d8f70b08c5ecbc9506481,Swap,2025-12-31 17:29:10,0.00000129,,-4577.92082009,0.00935126,0.00,0.00000000
6ef5fe5f25d8ffacdfd7e6e87b5a5038026a695a1852d4a5e13c1a4cdfff5b84,Swap,2025-12-31 17:44:10,0.00000053,,120.00000000,-0.00022707,0.00,0.00000000
df9974890b905d63d7840245374492019f45b86a68728a9a83d6fb4e4613d7f0,Swap,2025-12-31 17:44:10,0.00000046,,18.00000000,-0.00003406,0.00,0.00000000
7736351763a5b38b2f4602d0b57d5677cf2628f9330588a55d60d2b05a41fe20,Swap,2025-12-31 17:49:10,0.00000074,,-138.00000000,0.00000000,0.00,24.58575903
6719ddbe9424724176ab06d7431e00f1f1a87ece1a505f1eacca3da046229cf0,Swap,2025-12-31 18:34:10,0.00000046,,-56.90000000,0.00011495,0.00,0.00000000
7b4545eed15454dcace390db105b236f13851d21e8f64f4d19dcac90cf17ffb3,Swap,2025-12-31 18:34:10,0.00000046,,56.90000000,-0.00010707,0.00,0.00000000
fa63f1cd62f9104a6b23100b6bcbea07f6992357bbb51e057e757a3d1fb29dae,Swap,2025-12-31 18:38:10,0.00000056,,22.80000000,-0.00004290,0.00,0.00000000
3412ce3fc44c096be3e6532fee77877053a2081eab6b8b75903a6af318af1d89,Swap,2025-12-31 18:38:10,0.00000053,,20.00000000,-0.00003763,0.00,0.00000000
b3b899d1f36ac724eea1128d0cebcc5527fb4978504e5fcd4478e3ec6dba0e6f,Swap,2025-12-31 18:39:10,0.00000067,,-42.80000000,0.00000000,0.00,7.55778715
7083656ea7df87c43212c20640a7e3e72c3c19922bc059ba1e5471515f1c6554,Swap,2025-12-31 18:43:10,0.00000053,,249.00000000,-0.00046846,0.00,0.00000000
dc0c4282481104ce24fa585b2c8076a7b27486578cad2ec193620baa2db5f214,Swap,2025-12-31 18:44:10,0.00000046,,-249.00000000,0.00050531,0.00,0.00000000
a57a32e6df67a369f81d16ba6170b37484e203fe5d34e54e09db478e4f52097d,Swap,2025-12-31 18:52:10,0.00000053,,0.00000000,-0.00000381,0.00,0.33619633
859123233ec4fda33e5d9a4320eaad3e6443dee59044e12d6d4e6dc647221ccb,Swap,2025-12-31 19:03:10,0.00000046,,18.45000000,-0.00003470,0.00,0.00000000
5dae398ba0ece4130a6666dc0c02988803839dd723eaa6ef2266486640993faa,Swap,2025-12-31 19:03:10,0.00000046,,-18.45000000,0.00003672,0.00,0.00000000
99076df1bf6ee9b21faacbeb3b615a98cfef4133942dd6739d6f144ca544f2be,Swap,2025-12-31 19:05:10,0.00000067,,67.11312000,-0.00012628,0.00,0.00000000
6a27281da39a492439c189672f305d437072070d839e86ead1c7c8b425a65aae,Swap,2025-12-31 19:11:10,0.00000067,,-67.11312000,0.00000000,0.00,11.90536111
f27a24c5c45b9b446617a8809a425b9e17564d20ce35bb6d9fff5cad57657b76,Swap,2025-12-31 19:21:10,0.00000191,,1721.68000000,-0.00323787,0.00,0.00000000
e381af2c2387ca307080afb574ed841dc80296748bbc1b11c66d08c1f15a67f1,Swap,2025-12-31 19:25:10,0.00000053,,82.12000000,-0.00015462,0.00,0.00000000
3c4105cc22b684331ef33bb37d43b4c80e78c48b9ac1fa8029470e28afa34c60,Swap,2025-12-31 19:35:10,0.00000053,,-1803.80000000,0.00367036,0.00,0.00000000
23cb150f5c0714d7767b21172e4e73a7e557fedc84b91b4006f4e590368d7a08,Swap,2025-12-31 19:36:10,0.00000053,,149.00000000,-0.00028053,0.00,0.00000000
0dd5707bc007b839cc083886902dbab8a1d78862dab7ee6f759152b4ba4e3001,Swap,2025-12-31 19:37:10,0.00000074,,-149.00000000,0.00000000,0.00,26.52400714
2059bdc070e6c464bf5350c6dec0bc0bbeb40b8708d9fff6fa29a5cc4f244ca4,Swap,2025-12-31 19:39:10,0.00000067,,4794.57000000,-0.00902881,0.00,0.00000000
11141b86311fa45d3b8f08c67195f0faf0aa78fd0f38a07f7c9623882595e95a,Swap,2025-12-31 19:41:10,0.00000054,,-4794.57000000,0.00000000,0.00,856.76468039
2fc7c13a1b33eecad056c3b90a193ec4638be2bb3f295d0cbe2a8e4e1f6fd877,Swap,2025-12-31 19:41:10,0.00000067,,0.00000000,0.01018220,0.00,-900.00000000
69dc9f57573cc800d9f061f8a0bacc3044ceb221d007d0438f370e2d548339d1,Swap,2025-12-31 23:18:10,0.00000053,,969.01000000,-0.00181908,0.00,0.00000000
e38a82239ab8ae4da66821975b50d1c92f3458cab60898fa5cfd07bb924d7971,Swap,2025-12-31 23:40:10,0.00000046,,-969.01000000,0.00196758,0.00,0.00000000
25e8d80b95489eeb695958bb61cfb37c4343c56a581b387c5c8dd2614f558143,Swap,2026-01-01 14:15:10,0.00000046,,18.45000000,-0.00003464,0.00,0.00000000
1e8115b9e38204f56afa355c727c20d9cac2c1c0af154806ad4fa01c6ab92022,Swap,2026-01-01 14:40:10,0.00000046,,-18.45000000,0.00003650,0.00,0.00000000
5ad466cb6cef8f485ff1bba46aa1bf1819d43e7c46703e7575025cd6f58aa821,Swap,2026-01-02 07:01:10,0.00000129,,0.00000000,-0.21230468,0.00,18950.54608738
c27d1f20b3ec2f770dd7e318eeab55b3b52b14b56a2feb709b60368c48d2ba25,Swap,2026-01-02 07:11:10,0.00000060,,0.00000000,-0.00254420,0.00,227.09805246
82bec807cd6d50f043ced0cada4dc7eb8c1ac3dccda089661d5a602adc230cd3,Swap,2026-01-02 07:12:10,0.00000053,,0.00000000,-0.00003127,0.00,2.79119413
0989b2b7891385498d9057f4d1ac50adaf1b53f9fabb8455236527a41c749dee,Swap,2026-01-02 07:13:10,0.00000060,,0.00000000,-0.00003127,0.00,2.79119413
d0886e929d4bbdd426efcafd493a7711f327b604b06ec88dc908b824eee4410a,Swap,2026-01-02 07:17:10,0.00000067,,0.00000000,-0.00236930,0.00,211.48628869
5dfd2d16d38a764d1281c762609c06271276409d5e77bff286c75196acc3d941,Sent,2026-01-02 09:35:10,0.00000102,,0.00000000,-0.00000102,0.00,-19477.21609153
08a1d9c30a2977b452bb19cc4aac85806783949960f1f239b29b3f86217c2428,Swap,2026-01-02 09:35:10,0.00000053,,0.00000000,0.00000143,0.00,-0.20000000
809e738651a8b786bb7effa1164ff3f47e2689290e90b308a6a4f9279f192b1a,Received,2026-01-02 09:39:10,0.00000257,,0.00000000,0.21731946,0.00,0.00000000
2d1ef7636398a5e04d3fd7b06be30d2ec2171b94c44a5e48993b09423fd7909f,Swap,2026-01-02 11:38:10,0.00000149,,445.60186066,-0.00084064,0.00,0.00000000
c539b36f93e9c6cdafa196d02d70e92d2dc6731bc7466747a31e97cb620f9e88,Swap,2026-01-02 11:39:10,0.00000074,,-445.60186066,0.00000000,0.00,80.48623280
264c1ac347cc34e45bcf871b41e85d4813c87ac82ffbbd0ccca9dcea3e7494ff,Swap,2026-01-02 11:40:10,0.00000046,,3.86000000,-0.00000726,0.00,0.00000000
46e20a35e28b0ba35c30491c0802210c63f03344d9f1f9b0216aa35368a2b280,Swap,2026-01-02 11:42:10,0.00000074,,1000.00000000,-0.00187557,0.00,0.00000000
816a9c74f80d3b5dfe3a21bc12ee0b55b152380f2235817e7ba7cd82757dd539,Swap,2026-01-02 11:45:10,0.00000053,,499.00000000,-0.00093268,0.00,0.00000000
39255b8377d3b204826c9770cece9f440964ccfad18769727c92e734e86268f8,Swap,2026-01-02 11:51:10,0.00000060,,-1502.86000000,0.00302645,0.00,0.00000000
a2d2e4edce8b1ec6547421f4955ddfa4ac475708722073c5f47652c2913e034c,Swap,2026-01-02 11:55:10,0.00000062,,22.80000000,-0.00004254,0.00,0.00000000
b7635a02b21f4b28176850f28e1a2886164c5e2b45e2827de8dbe2720c883be7,Swap,2026-01-02 11:59:10,0.00000085,,363.05000000,-0.00067701,0.00,0.00000000
88f4bb71574e8968787618b15e541aab53187534da8d74b2c9822064e8870e18,Swap,2026-01-02 12:00:10,0.00000060,,1457.02000000,-0.00271828,0.00,0.00000000
312fc96c7d45642d5fdfc5c2b376fae1ef38f44645c290115dda8cea9abac0e4,Swap,2026-01-02 12:03:10,0.00000079,,-1842.87000000,0.00000000,0.00,332.96650789
7fedc234aabb825542aa2845fe48ae007ae2eb2e656e6b6096595424c50d8f46,Swap,2026-01-02 12:04:10,0.00000055,,0.00000000,0.00332994,0.00,-300.00000000
84aafaab40ace4a66fc7470a7ea83d502a820972a0f0228e6f59f9fa6d8c34f8,Swap,2026-01-02 12:06:10,0.00000087,,85.42000000,-0.00015944,0.00,0.00000000
d8f086b5a7b913591834b88ebadaa234efd5304a606e2b0fa20b92bdcbed134e,Swap,2026-01-02 12:15:10,0.00000067,,-85.42000000,0.00000000,0.00,15.33630937
1708edeb33f7ec469412e5eb75d0db6617838385893cf80607da058f8cb68280,Swap,2026-01-02 12:17:10,0.00000053,,29.00000000,-0.00005429,0.00,0.00000000
58483d2b07b7a8bc8a7d55515e65366324b8d825970ce5bb811e3979e3c9ad7e,Swap,2026-01-02 12:31:10,0.00000046,,-29.00000000,0.00005784,0.00,0.00000000
95c64683d9b09f2e25141d04c318b1491b303c17abaa9b4b029f83e09ce169fe,Swap,2026-01-02 13:14:10,0.00000053,,225.00000000,-0.00041965,0.00,0.00000000
49fffefff2f94a7726e63e121537840f32b1c47cb80a386a262403de06d5ca27,Swap,2026-01-02 13:14:10,0.00000046,,18.00000000,-0.00003357,0.00,0.00000000
1adda418d0478612b09b87b3658dbc6506c32729f01f83d987816ea19d5bd181,Swap,2026-01-02 13:21:10,0.00000053,,198.00000000,-0.00036856,0.00,0.00000000
cfc5f21f7ca5aacf6956baffa8ae26f707a1f1ef95ec357a5d6158368fbd13f8,Swap,2026-01-02 13:22:10,0.00000053,,40.50000000,-0.00007539,0.00,0.00000000
52a9966ebf9af2cf8cb66397a68c2b0e546f6a91be531589b9bea8988c3adfa5,Swap,2026-01-02 13:23:10,0.00000073,,0.00000000,0.00127194,0.00,-115.00000000
9e42453c032f3dbd2a52f7931a380dfe99494d85d06145f12dd468b51e0b6b59,Swap,2026-01-02 13:23:10,0.00000081,,-481.50000000,0.00000000,0.00,86.99569717
38a83830a0af2c58712815e0f4f333981456b5e308114e32c0a06355bbd4f31c,Swap,2026-01-02 13:24:10,0.00000060,,432.51000000,-0.00080444,0.00,0.00000000
13c7962ba11542748fff2ca1b8d07708ce5ea5434f7976b9f25632bbae857fe8,Swap,2026-01-02 13:44:10,0.00000067,,-432.51000000,0.00000000,0.00,78.22826541
612bd7f51a5fb5f9e9881adeae89478231930609bfd987d3156ad0f384bc7a34,Swap,2026-01-02 13:44:10,0.00000060,,0.00000000,0.00110071,0.00,-100.00000000
e661431f16d0169ee4dace79e020cdc7143cd6d095bf7b077981f9c1e4b2c3d3,Swap,2026-01-02 13:49:10,0.00000108,,1443.52592932,-0.00267948,0.00,0.00000000
1845dcb6db9819cf24dfc08bdcc773e65c13715c985f30e0a19afaf93030fbda,Swap,2026-01-02 13:50:10,0.00000053,,2915.01000000,-0.00541086,0.00,0.00000000
ad5ca3d2485e805e99a2feebcab21d00a45a73f2a861c54e2fcf85a94d814e47,Swap,2026-01-02 13:51:10,0.00000053,,-4358.53592932,0.00873556,0.00,0.00000000
aa8f084d0bb6dd978af84b76b35b8e143be6fd02b14a96c08612cbd825abe30d,Swap,2026-01-03 21:12:10,0.00000053,,0.00000000,-0.00002188,0.00,2.00000000
0c2aa565ed687421dda6438787df7036c3fc02d9d29f36eb5f85aa7a5ce2fb39,Swap,2026-01-03 22:01:10,0.00000067,,0.00000000,-0.01093802,0.00,1000.00000000
da39c05f740471d07e6888da514269cb612afc8771c79a631e94883e274e2741,Swap,2026-01-03 22:12:10,0.00000053,,0.00000000,-0.00001094,0.00,1.00000000
400173eb00a0607deb2edf6cc60ae5d33a54d18f42ac20a66d833258dd185c9f,Swap,2026-01-04 02:17:10,0.00000046,,0.00000000,-0.00017523,0.00,16.01996397
0c76bc2a06fb468353fb7f896a136a1820f3b8e287c05e633467a1eff1750c24,Swap,2026-01-04 02:50:10,0.00000053,,0.00000000,-0.00006771,0.00,6.19000000
749f3bb3fa5621c5b6417e6e245b12b841cae02565fa4506f4b172c918394e46,Sent,2026-01-04 05:57:10,0.00000081,,0.00000000,-0.00000081,0.00,-1104.22297661
126f9403b995afad5bd8b56cee5b9ebade1678c014ad9f7416c402f23cfaae95,Received,2026-01-04 06:01:10,0.00000257,,0.00000000,0.01204688,0.00,0.00000000
ce3f973366a32430a3e21096f582118690310ba9bd3eec9858b51f55307de900,Swap,2026-01-04 06:43:10,0.00000053,,0.00000000,-0.00038283,0.00,35.00000000
c3ff444d28c1c15e4326dad57c2913a01958526fc851b15d08cd32bf0c8bdb0d,Swap,2026-01-04 14:50:10,0.00000046,,13.59000000,-0.00002486,0.00,0.00000000
004efade4ab9e79eb710a0209053692160993fcec03e34461d6260b19d103fd4,Swap,2026-01-04 15:04:10,0.00000046,,8.71000000,-0.00001595,0.00,0.00000000
4e1894551199f9d386b1a2bdc7f89b3139a90466cc7af3deb74f1b3ec0593a34,Swap,2026-01-04 17:06:10,0.00000053,,-22.30000000,0.00004340,0.00,0.00000000
56353f907046224c40122b246ce56ac079cbd589f7a3e583e4a940610124d329,Sent,2026-01-04 21:09:10,0.00000033,,0.00000000,-0.00000033,0.00,-35.00000000
97ba4095e9cdab6d7ee083380835623826f8ef73d6646ffc301781f955a8cd08,Swap,2026-01-04 21:51:10,0.00000060,,0.00000000,-0.00005387,0.00,5.00000000
d3adb0706946338a181603fdbc6eef23afd72b17049d84ff272e6ec7415acd91,Swap,2026-01-04 22:08:10,0.00000212,,0.00000000,-0.21814050,0.00,20308.61027392
b63a8ff638c911f1a4009d0d30167c03c840227620ef1b7d2298be754dceabcc,Swap,2026-01-04 22:10:10,0.00000055,,0.00000000,0.00000134,0.00,-0.20000000
92aac71cd89654e0aebccd4f7d333cd5b559660e06f4badb0ad162cf053d1158,Sent,2026-01-04 22:11:10,0.00000040,,0.00000000,-0.00000040,0.00,-20313.41027392
d7962eb0d1a063ee4d444704def0a30d1527d90d48e4563ba9003460972734ec,Received,2026-01-04 22:15:10,0.00000257,,0.00000000,0.21859659,0.00,0.00000000
e50a95c706990a9abbfc8d4615115c27590485dbb4258a3b2ce21dbf6650ca41,Received,2026-01-04 22:39:10,0.00000047,,0.00000000,0.00000000,0.00,128.06045282
518adcbb9510fc33d009ab2f0d88b2d80c3f21e2f0a898f7e90edf92972c7f6d,Received,2026-01-04 22:40:10,0.00000033,,0.00000000,0.00030762,0.00,0.00000000
6ccfd97b16431794d5e1b18543b2f62b3be0d8fcbbcf44ede8a9bca259ea475f,Sent,2026-01-04 22:43:10,0.00000040,,0.00000000,-0.00000040,0.00,-32.00000000
e422cee45d714adf702b8401105394d4cd04f1bd76753523e9b687b5af30e54b,Received,2026-01-05 16:06:10,0.00000026,,0.00000000,0.00047119,0.00,0.00000000
a44f9e98b9b6fcf44b49f257f06a2893065046ba5062030140ac7f00138aea5b,Swap,2026-01-06 00:29:10,0.00000062,,22.00000000,-0.00003940,0.00,0.00000000
f725b98bc38de39f6e0703eda650fbff2217e710c77a51468b6600c58af1e2e2,Swap,2026-01-06 07:40:10,0.00000046,,-22.00000000,0.00004197,0.00,0.00000000
3c1ba2c57a35d7a4dfc1ab3109f60dc037f1e225d09a11c1cc8f696c494465e4,Received,2026-01-06 10:49:10,0.00000026,,0.00000000,0.00037349,0.00,0.00000000
517b1272ddc17873a020cc89739b702468c5c60ad13819e71f212268cc9170a4,Swap,2026-01-06 11:22:10,0.00000067,,0.00000000,-0.00026894,0.00,25.36000000
ed645045ffec7e03d38f0706aea7e46d916e5355fd7f4f02dcf145d3422d3e85,Swap,2026-01-06 11:23:10,0.00000053,,0.00000000,-0.00010605,0.00,10.00000000
9cd614c9c8283096e3f2da18155b698823c143c9f81a0f2c3150d1af42776b53,Swap,2026-01-06 11:30:10,0.00000067,,0.00000000,-0.19543554,0.00,18429.01211986
61311a715f0a3a0178b347c98de06f8847f6e980b6c5862cf633b79f07c36ce7,Sent,2026-01-06 11:33:10,0.00000054,,0.00000000,-0.00000054,0.00,-18560.43257268
a08151d635a64b27df1da484e32786bbbc80f7f42fd607e2e824af7d2ebb6123,Received,2026-01-06 11:37:10,0.00000257,,0.00000000,0.19692914,0.00,0.00000000
0352e22b4ba3e6b008978d196d8141b9ba5e9231892ea22468f4912660bbb570,Swap,2026-01-06 20:23:10,0.00000046,,472.16911359,-0.00092553,0.00,0.00000000
8014192674b48fad6036080c0eb121cd4f0e8322c28e81efcc593a2dfec5637d,Sent,2026-01-06 20:27:10,0.00000046,,0.00000000,-0.00000265,0.00,0.00000000
9d70f40d8ebd1b79aa2a29248c9988b477b42f2335cba7c9948a1a8e336519a6,Swap,2026-01-06 20:28:10,0.00000046,,100.86000000,-0.00019768,0.00,0.00000000
dfecbebe8ac5b31f09560e3369f1f48be441476b6662b41da7208b203b71b73c,Swap,2026-01-06 20:28:10,0.00000074,,-573.02911359,0.00000000,0.00,104.63109857
6dfeee64e139a6f39e385b4429e5c6873bc16ca14ff41f813fbda381895a7b61,Swap,2026-01-06 20:29:10,0.00000053,,249.00000000,-0.00048787,0.00,0.00000000
7fb276354f52cd9d6669102ef3e1c0b625632706f0e8ffdd78c9508d7f077e84,Swap,2026-01-06 20:30:10,0.00000087,,-1518.27000000,0.00000000,0.00,277.37948514
0dd9975431c270b63530865acbe3f44b337f75ae7b2e2ce359011563564025d5,Swap,2026-01-06 20:30:10,0.00000069,,0.00000000,0.00405957,0.00,-382.01058371
3b8755a1c726abac48042e3b0b8ce2544d2e90ba4edfe36593900d36e8d899c9,Swap,2026-01-06 20:30:10,0.00000087,,1269.27000000,-0.00248372,0.00,0.00000000
b3719e1df37d847a9167e3dbbb0cabe1d97f5bdfd41851211a78de251b8a420e,Swap,2026-01-06 20:31:10,0.00000046,,195.01000000,-0.00038159,0.00,0.00000000
c66fa13740edfd6c3fa0f102b5c0c82090023b996fc462884c5caf4d0809e437,Swap,2026-01-06 20:32:10,0.00000053,,2.00000000,-0.00000391,0.00,0.00000000
1849db7a5b4bfde928d06652988e56376b3cda84e27e81b18f15a55d31f5223d,Swap,2026-01-06 20:32:10,0.00000074,,-836.15000000,0.00000000,0.00,152.71791865
8b8541c84b56fe40e126307e5ec4b7006e6fa23ba3208c000e6ed42df66b511c,Swap,2026-01-06 20:32:10,0.00000136,,641.14000000,-0.00125459,0.00,0.00000000
7332db403918834959a6e01f0e3d8ef7a2b5d0e30792af744a302b00a4e1d4b3,Swap,2026-01-06 20:32:10,0.00000067,,0.00000000,0.00162226,0.00,-152.71791865
cfd418bb5515a135dcdb039b20848104e9c17e451b98beaf7be8e3fb26a959ea,Swap,2026-01-06 20:34:10,0.00000046,,100.86000000,-0.00019734,0.00,0.00000000
49c060087e79d5855219120eec9698b64f8bf5f3c04a9547856698f181d4f019,Swap,2026-01-06 20:36:10,0.00000053,,249.00000000,-0.00048681,0.00,0.00000000
4268b008466e31ec083625b7be793ebaef198e29029068a7c3c1dc54e60e6008,Swap,2026-01-06 20:37:10,0.00000075,,-351.86000000,0.00000000,0.00,64.19415427
2184fc56eeab4c787c624b88d4b38424fbd716d308a7e503b2900adcefb9935d,Swap,2026-01-06 20:38:10,0.00000046,,0.00000000,0.00068070,0.00,-64.19415427
07d995026cc7ccdba0345b6dc889b61e9802117e1e057207e8ee2c4ef1206898,Swap,2026-01-08 15:18:10,0.00000060,,0.00000000,-0.00003045,0.00,2.79000000
7bb685690f8232aca0f5c278a3e0b762e8dc93bc8a47f6c7c11d03fb1580b47f,Swap,2026-01-08 15:36:10,0.00000053,,0.00000000,-0.00001091,0.00,1.00000000
e6397adf25288b0db95cc113af48e241e86f127a4670bb9c016e5f87e3028c50,Received,2026-01-08 18:17:10,0.00000040,,0.00000000,0.00000000,0.00,114.99090830
210b869a2ceb646f03645c2b2ab5e390d917f1806042a0f03d768851b0b04991,Received,2026-01-08 19:23:10,0.00000033,,0.00000000,0.00034167,0.00,0.00000000
90d168b88d30c16d1101e10539e6863bb86c3875dd2ed3c3ae60d94232a8ac52,Swap,2026-01-09 00:38:10,0.00000046,,47.51000000,-0.00008827,0.00,0.00000000
9eb49bc2d85a280250eca54a7ef2d8d9a05cad6d2c77426e1333cd5a719eca33,Swap,2026-01-09 07:59:10,0.00000046,,-47.51000000,0.00009478,0.00,0.00000000
ff6b16c47be8a99bc505ab62647dc3dcaac02e8501e970cd10cca879b899b992,Swap,2026-01-09 11:46:10,0.00000075,,33.70266624,0.00000000,0.00,-5.71463311
ba3038712e14fd8c9338882fdb9cdcff09dad70e6c9f212ac98c7718e6803e89,Swap,2026-01-09 11:50:10,0.00000046,,-33.70266624,0.00006777,0.00,0.00000000
779fb7b3f75d59c8f34bccb94db3025d3872af6111eedd4f746de73e1acfe6b2,Swap,2026-01-09 13:32:10,0.00000128,,0.00000000,-0.12489935,0.00,11465.53600595
64c8a0cf39d4121be9439931d2a81c2b9628252c136b49636eb3b93c766e0d84,Sent,2026-01-09 13:35:10,0.00000054,,0.00000000,-0.00000054,0.00,-11578.60228114
327f6f6dc30cd670f901091f05ade5b75d6bad5def74a22308ed0cbc8b894535,Received,2026-01-09 13:39:10,0.00000257,,0.00000000,0.12659480,0.00,0.00000000
ef2ca834aa3622fb60d472f8b7f8d92db8efc5180d02ab298276510651e2e6e3,Swap,2026-01-09 17:39:10,0.00000053,,0.00000000,-0.00095261,0.00,85.91125487
738a3092487e53c4efa47fed815790303cb292fb114a48d6406c27ec63920c91,Sent,2026-01-09 17:45:10,0.00000040,,0.00000000,-0.00000040,0.00,-85.91000000
20a159e107d6a4c6ed07bb8b69983569494860e71cde64a9a458ca418e020b9e,Sent,2026-01-09 18:13:10,0.00000047,,0.00000000,-0.00095308,0.00,0.00000000
0e2d13cd2b5b8c634223d5e1af07f90df51c00e8f22ecca6ca6292c9b09b33b8,Sent,2026-01-10 17:57:10,0.00000040,,0.00000000,-0.00000040,0.00,-134.81349779
b8999cc75be41e30ade0cf1d312ab5ece1158fe25ccd6f8195907f1fad21f9e0,Swap,2026-01-10 17:57:10,0.00000053,,0.00000000,-0.00150000,0.00,134.81224292
f5e88e9cb3507913f929d289a411ea84bdefc9d0a25515a870a68782927c4cc5,Swap,2026-01-10 18:18:10,0.00000258,,0.00000000,-0.21947392,0.00,19966.22342024
430ba3a4772b18369cfbafca5ae99f9094eaf06f1fa7f27e6dd4166476385394,Swap,2026-01-10 18:56:10,0.00000053,,0.00000000,0.00000140,0.00,-0.20000000
1a4881e26fc188f4dd4e2f3bdc69c4fe80ab49bfe1f79bb555694974c6039695,Sent,2026-01-10 18:56:10,0.00000033,,0.00000000,-0.00000033,0.00,-19966.02342024
2f7bd33d9e9b51e829c25e393bdaf57677c6a166255daba06268454176e86325,Received,2026-01-10 19:00:10,0.00000257,,0.00000000,0.22024411,0.00,0.00000000
cd37504ea55c7f794dd0ede3d206fa74df6503b6955e9a8c7ee7a898f0fe2131,Swap,2026-01-11 01:37:10,0.00000155,,0.00000000,-0.22024518,0.00,20089.62114589
07b0b9df9aa678b37fa516ecf930a0375a2d468d555a3c5c84221304eaff3f56,Swap,2026-01-11 08:05:10,0.00000053,,0.00000000,0.00000139,0.00,-0.20000000
b72da581ed04ca5250bc41b4bf2f38490aae7a4a2c3983b5d2dda02aba5f1295,Sent,2026-01-11 08:06:10,0.00000033,,0.00000000,-0.00000033,0.00,-20089.42114589
f4abb69ee44b632ac233d75966f7f952859601b0aa059c79a22ad644fcfd960c,Received,2026-01-11 08:09:10,0.00000257,,0.00000000,0.22115275,0.00,0.00000000
a7e39889ada4e448e03c356ac7b0828a5ff1733eb9828d0def8a5f388ecffd87,Swap,2026-01-11 10:18:10,0.00000205,,0.00000000,-0.22115381,0.00,20217.84260828
9251ae8152fe13ad58ec283b25994e986945386ec579f7b4329e102b3464321d,Swap,2026-01-11 10:42:10,0.00000053,,0.00000000,0.00000139,0.00,-0.20000000
8180b4743513ae88941039ef29a758db91592f2a0bf12e86d63fe9e4bf5146be,Sent,2026-01-11 10:42:10,0.00000033,,0.00000000,-0.00000033,0.00,-20217.64260828
cd26e85bc63216d6107c7c3089c58b76c60ea4862f781e22ca0c5513b9001c49,Received,2026-01-11 10:47:10,0.00000272,,0.00000000,0.22221116,0.00,0.00000000
d00d447c2c677747928a4f09aa13fb1bed8ce71aeeaa036e97a31e162900fee8,Swap,2026-01-11 13:45:10,0.00000199,,0.00000000,-0.22221222,0.00,20348.65906563
f7e92473effff7017aeca00f7612eeffab4a0e0700eab3d20a600d9a621d0ddf,Swap,2026-01-11 13:46:10,0.00000053,,0.00000000,0.00000138,0.00,-0.20000000
8d8aa8eb55f18d6de02762ba9179035b8432c1309e4776b49a10037459c242f4,Sent,2026-01-11 13:47:10,0.00000033,,0.00000000,-0.00000033,0.00,-20348.45906563
14fcb29c1173e6d6c3aa58943daf1d922f682b7c54798b4e12039aa409e47f18,Received,2026-01-11 13:52:10,0.00000257,,0.00000000,0.22305989,0.00,0.00000000
43bedb5e0ecd3989741261958156215f2ee627e9f529ef667c7f826dae04a6eb,Swap,2026-01-11 14:13:10,0.00000172,,0.00000000,-0.22306094,0.00,20433.32844004
be3cefee93e0a4761a121ef582085c6ccdff2786d0f80fc300fb18e01a6093e9,Sent,2026-01-11 14:14:10,0.00000033,,0.00000000,-0.00000033,0.00,-20433.12844004
cac91c0cc79efa568e75108c51640354e3c132c7222235111b86befb6df2653e,Swap,2026-01-11 14:14:10,0.00000053,,0.00000000,0.00000138,0.00,-0.20000000
173decb319a22cf93b604de3924e27e9a8151118ea10b9113b25274382aa43cd,Received,2026-01-11 14:17:10,0.00000257,,0.00000000,0.22416822,0.00,0.00000000
c84b513eb08c4a41db9c044653a78f7a26c4de3835d5eec1075239a52ffe6c01,Swap,2026-01-11 22:03:10,0.00000053,,0.00000000,-0.00000081,0.00,0.07445265
3adf89689717b18587b983cac2c57fae4fbc95beb80f15ad052b60d8eceeaab6,Swap,2026-01-11 22:45:10,0.00000151,,0.00000000,-0.22416846,0.00,20593.69512324
9f1aaa1c9dc60351bb0e7730ff6c6cc02664bb51505e7187b7f3e636a9e0cc3c,Sent,2026-01-12 07:57:10,0.00000040,,0.00000000,-0.00000040,0.00,-20593.56957589
b7fa7e0c537d31548b5f3ef4dac38932d25d28b5d38a706844ad06ee020ce854,Swap,2026-01-12 07:57:10,0.00000055,,0.00000000,0.00000140,0.00,-0.20000000
717f6f40109d2399b37844da0894e39d3503ba1ee4892b241c61cc72e135fc82,Received,2026-01-12 08:02:10,0.00000257,,0.00000000,0.22742333,0.00,0.00000000
439ccfb6d66e337c2a7d6a8818c3d3d92a17f24a48a5b38c209bb1a4fd362e78,Swap,2026-01-12 10:09:10,0.00000053,,0.00000000,-0.00004788,0.00,4.36000000
498b6daa68896fe6036a72a9769567225a335fae3e3166433dc7b5b7e309c701,Swap,2026-01-12 13:14:10,0.00000053,,0.00000000,-0.00003253,0.00,3.00000000
e0238e35fb50675c37ddd11f1d976b4fdeecb69deb9a74d7a2a70759dca3893d,Swap,2026-01-12 13:32:10,0.00000060,,0.00000000,-0.00001348,0.00,1.25000000
e29e29f486f02012b81453ee51e09301b0b3876beef7efe8bb24c26667757cf5,Swap,2026-01-13 16:36:10,0.00000094,,0.00000000,-0.08403596,0.00,7938.07844824
c089de19ed8352465db64a7c5bd25188275f7a4625c6da7795afc149a06dae8e,Sent,2026-01-13 16:54:10,0.00000054,,0.00000000,-0.00000054,0.00,-7946.68844824
9c6073315b48b4b4c66754e05ba61fc4afd95535610f06b893d31112b8703d89,Received,2026-01-13 16:58:10,0.00000272,,0.00000000,0.08422844,0.00,0.00000000
0be5f6f87072d6cd2eae387b2ab495a11568e8ae34ffb8b46703406ac28ae57a,Swap,2026-01-13 17:05:10,0.00000060,,0.00000000,-0.00009532,0.00,9.03560668
638644a5660aa5386d44c8b0d4515b4f1b05bcf1a24b400e57d1bdd1c5706d52,Swap,2026-01-13 19:23:10,0.00000053,,0.00000000,-0.00002084,0.00,2.00000000
9ab15f822c8c99dd739f4e9ac44606c549ad64b27ae1539bb5079ee390bd6458,Swap,2026-01-13 19:25:10,0.00000053,,0.00000000,-0.00001042,0.00,1.00000000
47ba1f02dde3c57692fe5c071d0e2a8d42c9201bf01c0d7481fd420ee571bc23,Swap,2026-01-13 19:27:10,0.00000053,,0.00000000,-0.00001042,0.00,1.00000000
5262522dc8a2ac130077db4ebf0116be59e34f35abcf695d763775526e96d49d,Swap,2026-01-13 19:32:10,0.00000046,,0.00000000,-0.00005163,0.00,4.95433048
3a700c70b4caf1a250e13bb49502c632c738d28d585fffa1896992d475277c5b,Swap,2026-01-13 19:34:10,0.00000053,,0.00000000,-0.00001042,0.00,1.00000000
4433a5237d1178a431496afd959a0e088fb737175a5ef8776e84115d8a0ab62b,Swap,2026-01-13 19:36:10,0.00000053,,0.00000000,-0.00001044,0.00,1.00000000
c9e36f7e45a0966b8e785aa0f87d9a806e05557f633d74b5d9ff895189174a1c,Swap,2026-01-13 19:42:10,0.00000053,,0.00000000,-0.00001041,0.00,1.00000000
8dc8682395c28733f7856a5af77fc26b46a17293a38105d952ef46ea50c46dd5,Swap,2026-01-13 19:58:10,0.00000053,,0.00000000,-0.00000998,0.00,0.96000000
1f733f711fe2802da146eb27536028fe3b6da9dc74c7c8c6f2c625c4718b51cd,Swap,2026-01-13 19:58:10,0.00000053,,0.00000000,-0.00000218,0.00,0.21000000
92b40e2de6dfb42f40584a83d421a37172595df136ce1ac169e117afd3e53f21,Swap,2026-01-13 20:03:10,0.00000046,,0.00000000,-0.00056223,0.00,54.17472161
b38820acb493f85ecf63a4e1672dcb91ba7565e5a3f2fda4b405bc86b46c9219,Swap,2026-01-13 20:06:10,0.00000053,,0.00000000,-0.00000218,0.00,0.21000000
a17af6447ba3963318e361ac11b2714e02c65dd11dc9c257b90fd7009cd7cc52,Swap,2026-01-13 21:52:10,0.00000423,,0.00000000,0.00050450,0.00,-47.57358821
ef7ce00fafd39615ea4057f19f70a1d582d9322099870979febcd9a015fc2706,Swap,2026-01-14 00:05:10,0.00000142,,0.00000000,-0.22723041,0.00,21781.02318261
0a54bf51f55e70f0db613fc60f70a2dc478b7f4cff47a313b6425fa16f54f97c,Swap,2026-01-14 00:08:10,0.00000162,,0.00000000,0.05626101,0.00,-5310.25759727
90fc1139899b344566170703871fd124edf1a213fdeb03649877eb28c5ce9e9c,Swap,2026-01-14 02:07:10,0.00000128,,0.00000000,0.15065504,0.00,-14194.46175523
37a1f22cec551d982c8306e38f24a116667a5ff055f744c7df4eacefb17c326d,Swap,2026-01-14 02:30:10,0.00000067,,0.00000000,0.02450020,0.00,-2305.17763512
f32f4dabcaacd57975a4d315da1a6154596663ed354f2801bc4c7f232df09f03,Swap,2026-01-14 11:13:10,0.00000224,,0.00000000,-0.23141625,0.00,22213.31196171
d6aad27c4145e1a9192b9ba5607e637067a46f54f5f23266dbca534d8e8256b4,Swap,2026-01-14 14:30:10,0.00000292,,0.00000000,0.08524728,0.00,-8236.51120868
026f8e105bc7dcf30e776e540254c1ad46fced24a80222d254eee678263db4ca,Swap,2026-01-14 14:42:10,0.00000060,,0.00000000,0.00005890,0.00,-5.65788717
148b3f1c5d28dd9e1688b096e88c9d548311d9bbfd0b40d6f8fba1bd1e0eb633,Sent,2026-01-14 14:51:10,0.00000033,,0.00000000,-0.00000033,0.00,-13971.24013141
7223f59aca464e311a6cd2f3274ab1776016a9a20fb2c3d4679af792876fe87a,Received,2026-01-15 00:52:10,0.00000257,,0.00000000,0.14540943,0.00,0.00000000
ea04bd59896bcdc58fb35530a8ecff92477d70756f7c7a90ad612ef8935e7e72,Received,2026-01-16 14:16:10,0.00000033,,0.00000000,0.00000000,0.00,169.79838677
f0e0a4b416a6ee564c75f6ea360b7b0f5344ce23085a236c5703c739f18e0d6a,Sent,2026-01-16 14:17:10,0.00000040,,0.00000000,-0.00000040,0.00,-55.00000000
df418f63278ed4f8c4186d02dfbc45ae1e1e467bd7a8ff1ffc4f94a92934c8b1,Swap,2026-01-16 20:16:10,0.00000053,,0.00000000,-0.00009689,0.00,9.30000000
6490c2075ea9bc646f3bdba72310dae652c3a473f84f4b74dca8ca3d094ec7c8,Sent,2026-01-16 21:36:10,0.00000047,,0.00000000,-0.00000047,0.00,-80.00000000
48eccad6d5fee61f9e1f7d8d361c50842557a6585e6f0ec5a329bdd86fed03d7,Swap,2026-01-17 14:38:10,0.00000060,,0.00000000,-0.23061752,0.00,22118.79616570
ccb5b05b4ec057d579bf11ccb472099fe44481d11f155ce60e773c66568f8058,Swap,2026-01-17 14:46:10,0.00000053,,0.00000000,0.00000129,0.00,-0.20000000
e9c3b8869b7cc69f97a2879e996fde5a89cd73cf4fe23bb856762f7d77e5db20,Swap,2026-01-17 14:46:10,0.00000053,,0.00000000,0.00000129,0.00,-0.20000000
262098983d07f852696415cf7e89e77354a9b13249c6ccddc6de2125c8795be3,Sent,2026-01-17 14:47:10,0.00000040,,0.00000000,-0.00000040,0.00,-22162.49455247
195c0dbfaab3f8cedaa6bd0ff359706b0fabadbc42fe73551a2af01a14f513aa,Received,2026-01-17 14:51:10,0.00000272,,0.00000000,0.23196651,0.00,0.00000000
00fcf1fbe8bab93c56bbbafc30bd8aff3ee0219c2ff80f5a42109da953441b23,Swap,2026-01-17 15:20:10,0.00000060,,0.00000000,-0.23196869,0.00,22252.23508207
61c1c23cd7d757a16dc1f8092b4b20c360ef589391861bbd8edafa140622f9b8,Sent,2026-01-17 15:34:10,0.00000033,,0.00000000,-0.00000033,0.00,-22252.03508207
cf038127aef7cc30d325874fca93c6bc06bf24b2676c8cc7d53a2130bfd75e77,Swap,2026-01-17 15:34:10,0.00000053,,0.00000000,0.00000128,0.00,-0.20000000
ba82fc29fc8648183fb499cef7e6225f600ea256f65932f088bd652a0d2c25b5,Received,2026-01-17 15:38:10,0.00000272,,0.00000000,0.23288187,0.00,0.00000000
e6a85cea216ef9a08c98d1a2ebcf1185c5de9153dcf9b07aaad74a1763a30263,Swap,2026-01-18 19:15:10,0.00000053,,0.00000000,-0.00003125,0.00,3.00000000
9de944b54f7d2b12f9377821c598b9a0c2386e46985d6744fe0128ec8b5b35d6,Swap,2026-01-18 21:07:10,0.00000060,,0.00000000,-0.00012705,0.00,11.88000000
ed0433df79c2152d44a8a07fb8ee73da90c0e6ce0cf2a4b1b8d0a6f414eb55aa,Swap,2026-01-18 21:40:10,0.00000142,,0.00000000,-0.23272452,0.00,21706.92462656
3dddf7bf38ae213f80a30f66cd97b2c06c6b08774742a2490662472007d4e2f1,Sent,2026-01-18 21:41:10,0.00000047,,0.00000000,-0.00000047,0.00,-21721.60462656
aa7e5be07260a89ac0d1038dafdb7da6fea274a6869a821ea230078272749394,Swap,2026-01-18 21:41:10,0.00000053,,0.00000000,0.00000134,0.00,-0.20000000
76b3855aad6f777cb149fb3453c735c554bd3348cdd5bc246eea9c6f7f8ee06a,Received,2026-01-18 21:45:10,0.00000257,,0.00000000,0.23331144,0.00,0.00000000
0efec56edf328389277e874af1f355370f70ef8004cf59a647f38d76c2bfa96e,Swap,2026-01-20 18:24:10,0.00000150,,0.00000000,-0.23331231,0.00,21025.60317245
25894fb50c85f8fedc6dc3d6b748061d400d691278713898f5cae82fcb648b46,Sent,2026-01-20 18:26:10,0.00000033,,0.00000000,-0.00000033,0.00,-21025.40317245
a6aecc4b43fc38c335d2fa08af9380e543163ee875f733e39af44f977b5cfe76,Swap,2026-01-20 18:26:10,0.00000053,,0.00000000,0.00000142,0.00,-0.20000000
02b5b621fdf486195d7fcb49ea7bc9f757d07d60da8ea2c3caaac249cd856ec3,Received,2026-01-20 18:30:10,0.00000272,,0.00000000,0.23515959,0.00,0.00000000
e5580078374b80480732964f517626f23fc2ebcf77c53e83711d18aaece8cb9c,Received,2026-01-21 06:29:10,0.00000040,,0.00000000,0.00000000,0.00,50.00000000
25fb0e7c0e496179debce7a1c8e3fc10930cbf6db9ec07f273089de7e4267a68,Sent,2026-01-21 11:53:10,0.00000033,,0.00000000,-0.00000033,0.00,-50.00000000
a1129400c29f51a9b78ca6c1ef1ee26949b2df1a84afe30f2cbb9d43b632b351,Swap,2026-01-21 12:00:10,0.00000046,,57.33000000,-0.00010939,0.00,0.00000000
8107ae4a3fd5899e932e66839b6b532f60489a45875cb3405e0da52a8b0282d5,Swap,2026-01-21 12:01:10,0.00000046,,-57.33000000,0.00011685,0.00,0.00000000
886f9e8189d44fe693da12ba23638c44a7689a7e39888b92ca9136ca98c24aaa,Swap,2026-01-21 15:15:10,0.00000053,,0.00000000,-0.00931944,0.00,823.41633445
8e53e723a63028ab3269fbe11025139436e614bb477875ecdfaf748891cd69b1,Sent,2026-01-21 15:18:10,0.00000033,,0.00000000,-0.00000033,0.00,-823.41633445
b5b78f1cc086a529e8f70dd109abff2999146ce68f3a7f06d0ec8fb3f39bc401,Received,2026-01-21 15:22:10,0.00000257,,0.00000000,0.00934563,0.00,0.00000000
ff828219ea771078307a8b6d275db0aa2330ba16ef6e57a6892aeb407e80d03d,Swap,2026-01-21 23:12:10,0.00000053,,0.00000000,-0.00500000,0.00,446.93090387
df9467be0eadc620b8006c02f1c8b5e2905cce9299993438f3c03680e3f4f27f,Swap,2026-01-21 23:14:10,0.00000432,,1475.16000000,0.00000000,0.00,-251.97468221
189d1091671989290fb32763675910803224df8489d48b60b0baa1837b13c022,Swap,2026-01-21 23:14:10,0.00000060,,486.50000000,0.00000000,0.00,-83.09992333
1bc821740308f7c95dbc1857b0b3b060747dcdf4d9c4fb9fdd90369dfe01555f,Swap,2026-01-21 23:15:10,0.00000060,,-1961.66000000,0.00401871,0.00,0.00000000
19de187b363358d952fed5e653d4fe584d9ca1d7c60f0a34aa3f567c72106e29,Swap,2026-01-21 23:16:10,0.00000067,,0.00000000,-0.00500000,0.00,447.36259173
0c602e71a614fd75237f697f457a7135bd6e83e628df0f2027229320f1b755df,Swap,2026-01-21 23:25:10,0.00000060,,18.45000000,0.00000000,0.00,-3.15147705
9a62f1db6fe266a2b7508b7480e2dd02ef3f3970f2518052de6197dcf120b13a,Swap,2026-01-21 23:25:10,0.00000046,,-18.45000000,0.00003692,0.00,0.00000000
61274658e0cad9d4041c06750cdb3796332856a422009b46232b77fe12173787,Received,2026-01-21 23:30:10,0.00000051,,0.00000000,0.00000000,0.00,53.01917543
9be3ae808e24cf36a10e99a4e0ecef48a933ac0aa3337c9fa8a2d2f143431d86,Swap,2026-01-22 07:12:10,0.00000060,,0.00000000,0.00551355,0.00,-500.00000000
ca7d520400bf577c44cc97a8e6007302e280fad91a0e0baa6766102daca719f8,Swap,2026-01-23 10:01:10,0.00000053,,172.62000000,-0.00033402,0.00,0.00000000
311e97c1eee6db9ec89ddf5eea2d6f892b7f84f9afb9e0d7771b82728938858a,Swap,2026-01-23 10:04:10,0.00000046,,-172.62000000,0.00035885,0.00,0.00000000
681339759223b676d2a54064740d7d20d90696f48145a7c24edbb7f448b72576,Swap,2026-01-24 15:57:10,0.00000046,,0.00000000,-0.00175258,0.00,157.47206876
2a2c503ac422069726b54233609ad062993fa829c9529da9c212f443d58a998a,Swap,2026-01-24 19:25:10,0.00000053,,0.00000000,-0.00010522,0.00,9.45609200
0d32aa66a3756b9181bf4117b4656c9e09109d9a7b8ec6fa5c1301041bd94d4f,Sent,2026-01-24 19:26:10,0.00000074,,0.00000000,-0.00000472,0.00,0.00000000
18cd19410f507fbb57d3fec274d80e98b0371d2a519c585c3994a4f278279af9,Swap,2026-01-24 19:27:10,0.00000074,,0.00000000,0.00195368,0.00,-176.00000000
395f62ae00499da75b2a10ec8ec1c38cdc4ff09be18fdc28af35b44f83ec5b5c,Swap,2026-01-25 15:43:10,0.00000081,,0.00000000,-0.02154433,0.00,1890.52725000
72c5e143e48a9fce5e45842d374594230f8b2463d2553ebe5fc2db0e962c7ab0,Sent,2026-01-25 15:44:10,0.00000054,,0.00000000,-0.00000054,0.00,-1990.54199920
874d82422d9436dd4766440d6226bdc991337103cfe2cee9017b0baa7ae1b2ac,Received,2026-01-25 15:59:10,0.00000257,,0.00000000,0.02273223,0.00,0.00000000
d0fdf8f7bb323f24a3269f4b48a7015c6d2d1012fd8a703d34318a2b4976fd30,Swap,2026-01-25 16:39:10,0.00000094,,0.00000000,-0.02636797,0.00,2293.38589412
1814f407c30b0fcca83cb17669f029f3a725809d80560c5c1f1359067e7b5f83,Sent,2026-01-25 16:40:10,0.00000027,,0.00000000,-0.20969823,0.00,0.00000000
1419424ca2df764cd11b1712b55a12a0f38d2aa7f41c8c213d75b58968e1dd83,Swap,2026-01-25 16:43:10,0.00000053,,0.00000000,0.00000149,0.00,-0.20000000
f7a6b21306bc1cf574a2afc3849af02580e794ba289d4406f5a8e50a7670afee,Sent,2026-01-25 16:44:10,0.00000033,,0.00000000,-0.00000033,0.00,-2293.18589412
f4f5e659747e8da76b65d1e67333b4654cb69705354d26c23dcf0e340832363d,Received,2026-01-25 16:50:10,0.00000257,,0.00000000,0.23615646,0.00,0.00000000
f93aa2d70c25e7fbd40aee85603e88268f8e9ca5a58ea883fc05f34e0b581451,Swap,2026-01-26 15:21:10,0.00000053,,0.00000000,-0.23615762,0.00,20869.52223185
65f373c376d3533600886d10f663f5d6ea5af7c32884b48760fa2e3e3bf68051,Sent,2026-01-26 15:24:10,0.00000033,,0.00000000,-0.00000033,0.00,-20869.32223185
9f6105e765b551c4003684503903c4465a39b5c450adaa6bcb722a205a192dd4,Swap,2026-01-26 15:24:10,0.00000053,,0.00000000,0.00000146,0.00,-0.20000000
dac867ba380de622867bf37f1a6918b1bb9be05988e1136022f5466c4978ca36,Received,2026-01-26 15:28:10,0.00000257,,0.00000000,0.23702772,0.00,0.00000000
752b36f09c08a523f9fcefa28262961fb60cccba42b261a1bb46b76190d1e8ca,Received,2026-01-27 09:15:10,0.00000026,,0.00000000,0.00039045,0.00,0.00000000
bad84e23ce4058c5c43881c48f30b8fa7e861d28995ffb3a72f2cc6598c12db0,Received,2026-01-27 09:16:10,0.00000060,,0.00000000,0.00000000,0.00,76.19084831
eed42cc71ee611b4c32f4857c67cc95df563981f9a7344cb124f79d54b6ed2ed,Swap,2026-01-27 17:22:10,0.00000061,,381.70000000,0.00000000,0.00,-66.75726381
366d2d0dc849e9775bd70ab61154b008116b17abda36c2b544ce440ff3a502bf,Swap,2026-01-27 17:32:10,0.00000046,,-381.70000000,0.00081106,0.00,0.00000000
ab1124b8ece845eebfd1a5d20986e050d5eb5f4d1b340cc8fd97a271fa81a6af,Swap,2026-01-27 17:32:10,0.00000053,,0.00000000,-0.00200000,0.00,176.52697366
68d99f760df338fb8f9316dd1b3bbc98b47b66f2e2c8bc853964bcd2a5ac90cd,Swap,2026-01-27 17:33:10,0.00000063,,8.71000000,0.00000000,0.00,-1.52432847
3d30ea00ccf46d08f1b2ecc806e71c98247951250e3bca3ade993e6e9928521b,Swap,2026-01-27 17:33:10,0.00000046,,-8.71000000,0.00001772,0.00,0.00000000
ccb7068237f7761a65b954afb7f3450d99a22c2bb87a21b698103e76b9087d1e,Swap,2026-01-27 17:43:10,0.00000067,,12.49000000,0.00000000,0.00,-2.18699876
418d4fb8ec146386eb79a3fa994b8151a82ae9782298ca48e8c3637f73782b70,Swap,2026-01-27 17:44:10,0.00000046,,-12.49000000,0.00002583,0.00,0.00000000
9ff2a9154b7317307042d05b075a34f53095804a7c375d18a30734dc84cac1c8,Swap,2026-01-27 18:08:10,0.00000067,,5.15000000,0.00000000,0.00,-0.90291218
fd991abc31b5f217a38b6696e97854addd06bd4c2a217194fec3c730a6e08c8e,Swap,2026-01-27 18:17:10,0.00000053,,0.00000000,-0.00028000,0.00,24.76972428
ec672ccfc21150efbd99d1b9993f574bcfd2ab96bf530784915a0e11f73718c8,Swap,2026-01-27 18:18:10,0.00000074,,126.72000000,0.00000000,0.00,-22.23104131
aa35e89436c38b27c7582385c88811b10b6b9bdbc2406e3a14ae49c21bb99738,Swap,2026-01-27 18:18:10,0.00000053,,-131.87000000,0.00027906,0.00,0.00000000
f3dc74bef5838192e4af9c8c3f68852ab3aa2e84a578736bb03790dfc9380f30,Swap,2026-01-27 18:23:10,0.00000046,,-86.76000000,0.00018383,0.00,0.00000000
85240b8509d3dac9bc7af033257c2d23d57b1372a6b6e7f206548f0261d93e0c,Swap,2026-01-27 18:23:10,0.00000054,,86.76000000,0.00000000,0.00,-15.24214696
a916d8fc2a6d0bc5baf5e260691a55c9c9d4331fb14788453d04613b8c1263b8,Swap,2026-01-27 18:24:10,0.00000074,,20.75000000,0.00000000,0.00,-3.64462151
339873da94398ddcf0ba70e3651bc05605830f91f76df8224d0dda46c75e544d,Swap,2026-01-27 18:24:10,0.00000067,,0.00000000,-0.00018000,0.00,15.87611859
e77a21decc760cd979999ccff9580bc5053c882de4911ac3ea8c5ddb71cfd3b2,Swap,2026-01-27 18:27:10,0.00000046,,-20.75000000,0.00004332,0.00,0.00000000
8de6751f5b3009123b4a24b41d9ac32fb96f60daf691aafb454e61343f07ff1e,Swap,2026-01-27 18:31:10,0.00000056,,18.41000000,0.00000000,0.00,-3.23061887
b20b0eaff68584e48ae234c18d13bbcbbebb36949b094d71050e0ed9e3c095f9,Swap,2026-01-27 18:38:10,0.00000076,,991.01000000,0.00000000,0.00,-173.80691047
6813e0b1b85d9f3f10037e0a4d07406444f1da20ade0027ff093049dd555b66c,Swap,2026-01-27 18:41:10,0.00000053,,0.00000000,-0.00300000,0.00,265.36719268
4c36b1ce0f8d4d44845434a77abdf7a502de7ab2d245968bf1e8fb9185f18d5c,Swap,2026-01-27 18:41:10,0.00000053,,-1009.42000000,0.00214490,0.00,0.00000000
e3ccda381acd825ab42e43772d88a4a84cb703e29fc42f6089a71043f3f6529c,Swap,2026-01-27 19:29:10,0.00000074,,479.16000000,0.00000000,0.00,-84.11466706
1e519dd8240f51f7ba7f97f32d310ccdedc190fbf6507cdc735fb6352f26e976,Swap,2026-01-27 19:33:10,0.00000046,,-479.16000000,0.00101924,0.00,0.00000000
b1b613bdbdd289f7d83edb63c2fcdc1d86576ed664d14d4aaabbf50759f4d7b3,Swap,2026-01-28 14:14:10,0.00000163,,0.00000000,-0.08584561,0.00,7744.76279975
10758d5ad2c2d8eae215c70272515b80608fa14efc34064c6aaae67e87d4b4c2,Sent,2026-01-28 14:45:10,0.00000040,,0.00000000,-0.00000040,0.00,-7929.85214787
3ae16ddcd2489188ef268cd102e2c429c63b8100a6b96f3b0e1750a5427d254d,Received,2026-01-28 14:49:10,0.00000257,,0.00000000,0.08805684,0.00,0.00000000
ac404a7e32dcce8d02009ec35ee8ba882e01cbdcb209e5aff62fd0c4eee94736,Swap,2026-01-29 21:01:10,0.00000137,,0.00000000,-0.23869509,0.00,20309.44572813
3ee78987f4b2e902943e1114c35f8ca67aef70c4fbf8eb65cdfb8cc9fcd9e871,Swap,2026-01-29 21:06:10,0.00000053,,0.00000000,0.00000155,0.00,-0.20000000
5ab875fcee2a176b7178a796d87248332373eb4efcc077c96d38087baf9f396b,Sent,2026-01-29 21:06:10,0.00000033,,0.00000000,-0.00000033,0.00,-20309.24572813
53a2de74d9f109a91cbc2dc6c9f784dd4fe75231f5b34ae784f1f921680f401c,Received,2026-01-29 21:10:10,0.00000257,,0.00000000,0.23951523,0.00,0.00000000
9265432a199cd8acf7e108c30fe669de3b5d00bc6ef6b0068534b455a663831f,Swap,2026-01-29 22:35:10,0.00000100,,0.00000000,-0.21476635,0.00,18088.59435165
832ed0e998537ac6d6b8f8b2649f5ee5e27a6e7ea1575e17ddc2aba0622db51e,Sent,2026-01-29 22:40:10,0.00000033,,0.00000000,-0.00000033,0.00,-18088.59435165
0440dc99c57d976175cd005b03c0035d6fcd38982ce68fdf65e5dd92bc6c5936,Received,2026-01-29 22:44:10,0.00000257,,0.00000000,0.21852624,0.00,0.00000000
a5e8a752b66d241c0d4ea1280c02ed6dac33de520f16442dc7430134dc0f7a9d,Received,2026-01-30 09:08:10,0.00000026,,0.00000000,0.00053664,0.00,0.00000000
dbb53dfed9002edde887c0ce301e01238859d0deb4cb164e2130d89bcf9016b8,Swap,2026-01-31 11:29:10,0.00000046,,0.00000000,-0.00621344,0.00,507.16000000
f97e3ba1ac660b1bbe4af3e9fb5697ae191a6953f7f02337a6b7e224e5561c87,Swap,2026-01-31 12:08:10,0.00000053,,0.00000000,-0.00061112,0.00,50.00000000
d02ef7fb7fe69b30e9d2be51b4ebf7a8ee854adefd3673b594d6d609a1cf5c04,Swap,2026-01-31 12:10:10,0.00000060,,0.00000000,-0.00157782,0.00,129.00000000
e58ae33e1faf2cd0d0bb93d98ba0d1c10b20209aa5d1959fea5e7beb85e0f761,Swap,2026-01-31 12:22:10,0.00000053,,0.00000000,-0.00012294,0.00,10.00000000
ffd4ec29cd7b1726a5afeed9304379e03c936f448521c73bf2eca87cf51fb1a2,Swap,2026-01-31 12:46:10,0.00000046,,0.00000000,-0.00137314,0.00,112.00000000
c1f3c4fe4d9166443afcd2e715c30ec722574fd261870c4033bc6d20c65809cc,Swap,2026-01-31 12:50:10,0.00000067,,0.00000000,-0.00242501,0.00,197.95849580
2bc37070c6d516a4affbcb11e637bd31bdd6cf7cc56cf5575d7628af6236bd4a,Sent,2026-01-31 12:52:10,0.00000068,,0.00000000,-0.00000068,0.00,-1006.11849580
fc10bb95489272fd5881b55bb2968c9a545c8878ee419decdec73435286f46d0,Received,2026-01-31 12:56:10,0.00000257,,0.00000000,0.01233264,0.00,0.00000000
cedd0f19c37063e3e32f64ba7dc3b23b1b4e015a842df83b6fb23d2619826d5b,Swap,2026-01-31 13:03:10,0.00000053,,0.00000000,-0.00013396,0.00,10.92000000
9d2d25260fe7178a3bf2e92f52342da00433afc3c3d8899c698b39bc92f53310,Swap,2026-01-31 13:06:10,0.00000060,,0.00000000,-0.00072617,0.00,59.22000000
1ff31a51fa454a18775a909ea72b2563651ecb4789c432d3a768e3771f8f75f9,Swap,2026-01-31 13:10:10,0.00000053,,0.00000000,-0.00123239,0.00,100.00000000
ddffb6c98733f50ab38caf9a98148d751952d3725ddba625f241fa37e84965a9,Swap,2026-01-31 13:12:10,0.00000053,,0.00000000,-0.00493683,0.00,400.00000000
09b2ae71a04fd8d7cc17e7e70c9049dcbc55bb9374978aa896fb7d6669e0ebd1,Swap,2026-01-31 13:16:10,0.00000053,,0.00000000,-0.00668803,0.00,543.39000000
bc68424af1d6e05003263502f36c62cd9be81974c5b31dcd7b78075ecabf35df,Swap,2026-01-31 13:24:10,0.00000053,,0.00000000,-0.00030504,0.00,25.00000000
698394b25672d73c90a5a0c0db7d5abac5bded8e9d18d6670ffd0b4fd3e6a5ad,Sent,2026-01-31 13:26:10,0.00000068,,0.00000000,-0.00000068,0.00,-1138.53000000
798133b08c6d7acbc3f602787761ef1e6db908232bd77b1ff5dd5bd44d74e23d,Swap,2026-01-31 13:30:10,0.00000060,,0.00000000,-0.00171427,0.00,139.52131473
729fc8cdc2dd9419302b4d964ebe9a9f4e3dce4fecb97afeec5fadf99062a106,Swap,2026-01-31 13:30:10,0.00000053,,0.00000000,-0.00368698,0.00,300.00000000
5f56d2c602eb94b8cffa87a60ce880d2759739730b63a455d432bc715ed47079,Received,2026-01-31 13:32:10,0.00000257,,0.00000000,0.01398099,0.00,0.00000000
98efac7e56e0c2c5fe3256bd9559fc6b24c1f7eb018fbdca625f4d1a7a56ebeb,Swap,2026-01-31 13:40:10,0.00000053,,0.00000000,-0.00135450,0.00,110.00000000
128c2a357c71fd96cb228660320fb2ccc867d0973411cb3c7472bb6f2723eeab,Swap,2026-01-31 13:41:10,0.00000053,,0.00000000,-0.00615334,0.00,500.00000000
1598d7177f7c16ab0dc7a79c488d09502909743ce2de6bae47a42d9f2c1f5ea3,Sent,2026-01-31 13:44:10,0.00000061,,0.00000000,-0.00000061,0.00,-1058.29131473
1d2c622af87297a12dd24a9ed8fb79552562885667543457632e06f65138b88f,Swap,2026-01-31 13:44:10,0.00000053,,0.00000000,-0.00010793,0.00,8.77000000
695a2e72f7bc36b234cdb0d5f88e14a6c0dee43393cf761e204084410b4ab765,Received,2026-01-31 13:48:10,0.00000257,,0.00000000,0.01303194,0.00,0.00000000
0467159c173069c76122ba2559beffc33bcb7f7ae52ed92f2c9a3b7ae117d21b,Swap,2026-01-31 13:48:10,0.00000046,,0.00000000,-0.00380976,0.00,307.80000000
b1a150223fd1d0bb28987b309aae9dff1a8c75bad545ad2cfcc1412fb852d323,Swap,2026-01-31 13:53:10,0.00000060,,0.00000000,-0.00024796,0.00,20.00000000
48a7910cc77fe56d0e12049e8f10b435c639d0b9da3eec91ea63c30de1dce9f2,Swap,2026-01-31 13:56:10,0.00000046,,0.00000000,-0.00004230,0.00,3.40000000
3255037cc69fc68f9d83571279d4393db823e02a7d78200fa523d574d281d082,Swap,2026-01-31 14:03:10,0.00000053,,0.00000000,-0.00024812,0.00,20.00000000
0759098c735aef12e8e43e4ed1651317efaded5c6c2386bbc732cc8ba9deae73,Swap,2026-01-31 14:03:10,0.00000053,,0.00000000,-0.00024365,0.00,19.63000000
106abc6e430190b1eac45c84974b4af19c97f7aa2f1b08ac0c1132c937bbf400,Swap,2026-01-31 14:03:10,0.00000046,,18.00000000,-0.00003876,0.00,0.00000000
1cc4657184ec0140b1767ad5301b60d0e97ae3d42023f4b70f8785f952447592,Swap,2026-01-31 14:08:10,0.00000087,,-18.00000000,0.00000000,0.00,3.27557767
6c909607c89fa680b3ba90ae6143ec4568a4d8c62f23fdb8eb6d39f7bdf65a60,Swap,2026-01-31 14:09:10,0.00000046,,0.00000000,-0.00301282,0.00,240.90000000
6ffe3d534ed51643ba20a23be594afcc215b5739b1d48c66090a514a9fa2805d,Swap,2026-01-31 14:10:10,0.00000053,,0.00000000,-0.00530299,0.00,423.20000000
afd29c429c52862c468ec6c01ef0cd726a228e4dc58049eb4219f32f77124fd2,Swap,2026-01-31 14:10:10,0.00000046,,0.00000000,-0.00688687,0.00,549.60000000
c0b41978c78bb39815d249ec3835518b3bd90a17bab7a47b97621a25fd3c019f,Swap,2026-01-31 14:11:10,0.00000053,,50.79000000,-0.00011067,0.00,0.00000000
4b3b94c9c76ab9eca43cb4f7386c4f119a2091c35c97fdd0310f7319a850cc9a,Swap,2026-01-31 14:11:10,0.00000046,,0.00000000,-0.00629484,0.00,500.00000000
8d3cefd2b9edc6dfbcd9e083d5b5a1d56c49de2e38bca1c7c3a63d3936b8a7ee,Swap,2026-01-31 14:12:10,0.00000046,,0.00000000,-0.00000579,0.00,0.46116961
8d433f0a9be14a1613c999c1da89ffdc08aa0877910d0e82ba0a0006415d3826,Swap,2026-01-31 14:12:10,0.00000053,,0.00000000,-0.00015071,0.00,12.00000000
7e0e7a33345053bf7353beb08f5df5a0ee54b1a68847b167515ed224d4238fa1,Swap,2026-01-31 14:14:10,0.00000060,,0.00000000,-0.00255660,0.00,202.04150420
69028118a98e1a888362be0c413c5a8d76e61308d7e6138980271c8efbaa1804,Swap,2026-01-31 14:14:10,0.00000053,,0.00000000,-0.00381108,0.00,300.00000000
dbe80f716f1762151a65cf0a5fe568641077f7ac9f16cec3c500924f77c4819f,Swap,2026-01-31 14:15:10,0.00000046,,0.00000000,-0.00012651,0.00,10.03154132
441682f350f452d363dbc400020048e832c3f5e8946cc4c69a1da87199abb25b,Swap,2026-01-31 14:20:10,0.00000053,,0.00000000,-0.00012589,0.00,10.00000000
4b016422327e8a52298ed941e2537493265993fd1a35bf28dfe216d9b152bb7b,Swap,2026-01-31 14:21:10,0.00000062,,0.00000000,-0.00189309,0.00,150.00000000
22fade9165175e0640c17c3c25dcb054cd62ca8184de9f5e881bbbe139837c46,Swap,2026-01-31 14:21:10,0.00000053,,49.00000000,-0.00010778,0.00,0.00000000
e6967127cae82d8e2bc321da11bf891056ba877a7cf6b75dd5a859b22832140d,Swap,2026-01-31 14:22:10,0.00000053,,0.00000000,-0.00379756,0.00,300.00000000
30c246f1479d41dd7bf9e71e07ba07cac43e3ba27b478f6f1c6c5508d6da8890,Swap,2026-01-31 14:25:10,0.00000053,,0.00000000,-0.00125990,0.00,100.00000000
fa067e84c64131dd990a0a9f207fd7fa3ed91a35f0f10dfffc2fb9e4bbdb9c73,Sent,2026-01-31 14:25:10,0.00000157,,0.00000000,-0.00000157,0.00,-3090.87875063
9c9e0cb0cd0413056ffb5afcc95f35c44cfa26ec34e1decc7aef3949e3a3fa37,Swap,2026-01-31 14:25:10,0.00000068,,-99.79000000,0.00000000,0.00,18.53895783
418be0283c15bebe20826d74f686408b9b17c31ce142d81373284abad93d86e9,Swap,2026-01-31 14:27:10,0.00000053,,241.50000000,-0.00052831,0.00,0.00000000
3259c3d028c1b3c472adb568ac3c0ef1cc20f983712bdad2b0669dde7a5707e7,Swap,2026-01-31 14:29:10,0.00000103,,0.00000000,-0.20301788,0.00,16103.64368229
e3f5d436a4b36a39af87dabb8bd98d4ccb9c22d02d8ad0ef581026af760e3d62,Received,2026-01-31 14:29:10,0.00000257,,0.00000000,0.03907587,0.00,0.00000000
4a37fc7d706854c952258109bab26723af644f7be60945da5c2436c8bfcadb3c,Swap,2026-01-31 14:29:10,0.00000108,,78.59000000,-0.00017193,0.00,0.00000000
3fefbadb7cbc3f2a531738fd4b20db86a72dbedc665c5c16a180ac3c71acc35d,Swap,2026-01-31 14:30:10,0.00000046,,457.37500000,-0.00100154,0.00,0.00000000
dbaaa77fcfb2624444b5a36a998e1cab6fffde5984e90b7983ecd00febb0757d,Swap,2026-01-31 14:31:10,0.00000075,,-777.46500000,0.00000000,0.00,145.00630859
50c5abdcc0e588e0557eec9a5ff79e5a30457131254309384df04dfb6141eb09,Swap,2026-01-31 14:31:10,0.00000060,,-68.09999999,0.00000000,0.00,12.62926133
eaab98b0922aaee4c124e6ae0cca92fe8110606bbef61f46b2ca0f501e7bf286,Swap,2026-01-31 14:31:10,0.00000053,,68.09999999,-0.00014912,0.00,0.00000000
5bf1ff0125795d15fc0dde0528b13cc31f9ee814ebf98e4026c2520273de97ea,Sent,2026-01-31 14:32:10,0.00000061,,0.00000000,-0.00000061,0.00,-16362.11925221
7ab51caa0c6cf50bbe1c48687b137bc8c61bb419ce6978ee21532c5dc70c3c2a,Swap,2026-01-31 14:32:10,0.00000053,,0.00000000,-0.00001059,0.00,0.84000000
a249eb87f24d77e68e5a1987f97d63d63f1f30c129583ecf29dec21ee1e9de3d,Swap,2026-01-31 14:33:10,0.00000067,,0.00000000,-0.00050530,0.00,40.00000000
292d9c81a43d8e3d2cc29014087a3ad29713c56d8868a56e8d8a09cfe80ef0a7,Swap,2026-01-31 14:35:10,0.00000053,,0.00000000,-0.00126845,0.00,100.00000000
00612d40b6ead47194c7f62e027d3a537521144fa0497da63574f47cff1f035d,Swap,2026-01-31 14:35:10,0.00000053,,0.00000000,-0.00012680,0.00,10.00000000
38537ac867aa963f259730b1d566d6e6ffc3b10bc7bb774f9287e673b0039e39,Swap,2026-01-31 14:35:10,0.00000053,,0.00000000,-0.00126633,0.00,100.00000000
8901526201b18503d60cb27573258a5680b44e0288c79e4735a5064b199d8fb2,Swap,2026-01-31 14:37:10,0.00000053,,0.00000000,-0.00025324,0.00,20.00000000
a0f9f1ed4f2a7e827f1c3f5160ab241532501ac8d5f9e4207eaafbe6dff499d2,Swap,2026-01-31 14:38:10,0.00000053,,55.00000000,-0.00012050,0.00,0.00000000
fc586191bf4633418992fa45a7508b96e024edcff48913f55ccfbb2eeb818271,Received,2026-01-31 14:38:10,0.00000272,,0.00000000,0.20772705,0.00,0.00000000
aea70122633401bd163d4f4c7549bde112d11aad58d48559a061f5d6a597cbe7,Swap,2026-01-31 14:39:10,0.00000053,,0.00000000,-0.00126201,0.00,100.00000000
1f43bc5e8a278df2ec868ec2074a9e70c2c53cb863806d1db1d49225eebcb1e6,Swap,2026-01-31 14:39:10,0.00000046,,991.01000000,-0.00217124,0.00,0.00000000
9d7368e79cbbfc211895664fda12af7a03544763a4337cd61c8b665644550a89,Swap,2026-01-31 14:39:10,0.00000060,,0.00000000,-0.00632057,0.00,500.00000000
36aaa445108ba120acd935df721c27a9647e7384b7ee2450f58d89b06b077af2,Swap,2026-01-31 14:40:10,0.00000046,,0.00000000,-0.00019759,0.00,15.61178163
1c38c52ec03784e68d3c3d942e5c6365931f1b476c77315a956652f15d89aaa7,Swap,2026-01-31 14:42:10,0.00000046,,0.00000000,-0.00060772,0.00,47.92790134
8d454d96f3423187fa1666d5a75220de6a1113ec32faea686f6070e68924497f,Swap,2026-01-31 14:42:10,0.00000046,,0.00000000,-0.00130010,0.00,102.53299824
e8a3c4141733f109084bb62972753b428190450a8b42e62274d3ddd7fb52b7ec,Swap,2026-01-31 14:47:10,0.00000067,,-1046.01000000,0.00000000,0.00,195.04282942
f37a940dbab40976e77fa70170272fcaf827b5788d8f0c37cd006d69e8965539,Swap,2026-01-31 14:47:10,0.00000053,,0.00000000,-0.00378419,0.00,300.00000000
1a4898c99ca5f2b1b5ef363f78762857d716ef9ba350720158584afeea2350fc,Swap,2026-01-31 14:49:10,0.00000053,,24.00000000,-0.00005266,0.00,0.00000000
caf7e887196a99db3a26be83c9ca0b0246c8ce29297a04ba09f2a6e3dca7185e,Swap,2026-01-31 14:52:10,0.00000053,,0.00000000,-0.00014121,0.00,11.16613415
1d3b2ee59c00a510784b57a89ad55171d0cdec182154d8c1670cf0d1b430d756,Swap,2026-01-31 14:55:10,0.00000057,,-24.00000000,0.00000000,0.00,4.39595138
5d9738c0f776e9b43dbcfa7590f1ea6d850d4706efb02b56a50ff889967370cb,Sent,2026-01-31 14:56:10,0.00000123,,0.00000000,-0.00000123,0.00,-1546.67759616
ff2d6f2508c8a55e686940912fb6a67d79678afab93aa92845844db6445c75f9,Swap,2026-01-31 14:59:10,0.00000060,,0.00000000,-0.00114014,0.00,90.24000000
c1fb221d51e5a974c6b1d378d525e977b3778f66692d4847d414611872d960ce,Swap,2026-01-31 14:59:10,0.00000053,,0.00000000,-0.00012640,0.00,10.00000000
2e0d8eb4ac536212aa051473e8589b0c48516daaccb3e5fffd8cb2f1d17933a0,Swap,2026-01-31 14:59:10,0.00000053,,0.00000000,-0.00505787,0.00,400.00000000
67f35cc0ee6ba9e9b7af9975eaced8e765eea80fd1702ac7ad4f0b93e66946fd,Swap,2026-01-31 15:00:10,0.00000046,,32.96000000,-0.00007239,0.00,0.00000000
ce0cf02dc76a91fd8e588d7904a8cb7b6bb10446cab23993334f2ebeac2adbd4,Swap,2026-01-31 15:00:10,0.00000060,,7307.69000000,-0.01604707,0.00,0.00000000
326e355afc4adbe37769c91850db4014651a64a887e7c5bccaeb83285817b33e,Swap,2026-01-31 15:00:10,0.00000066,,-7307.69000000,0.00000000,0.00,1362.41894077
755328ba515abf90ef99257dcd9bb48008d7bc4a94fbe74cf7156390d5ee21fb,Swap,2026-01-31 15:01:10,0.00000060,,6000.00000000,-0.01317733,0.00,0.00000000
6f8436ade81cf3816b075392e77c6d9f541f46488e28d40564c0d5d3d0f526db,Swap,2026-01-31 15:02:10,0.00000053,,0.00000000,-0.00056862,0.00,45.07000000
2d4bccdc5ddacb5be60664302ffdc314bde2b3cdb098e481a5b62baace5dd2f1,Received,2026-01-31 15:04:10,0.00000257,,0.00000000,0.01954542,0.00,0.00000000
4acfda3ee71f4f7358070789eedf59a35d2b13f268e9fe07757e7cc064760d36,Swap,2026-01-31 15:04:10,0.00000064,,-6032.96000000,0.00000000,0.00,1125.02651894
285274169cc2eef18095cf385118c5d1e4a29b5126e940416dd8aafb6ce322a3,Swap,2026-01-31 15:07:10,0.00000053,,0.00000000,-0.00126364,0.00,100.00000000
1512e360954c9a4c826179f5ec14db56639f6bd7c9231d442864317aa2b8c144,Swap,2026-01-31 15:09:10,0.00000053,,100.00000000,-0.00021996,0.00,0.00000000
6fc6d4951716dccb4c9af1e0444be7c78166c3f9ca7c048bbcd113afa9bf193d,Swap,2026-01-31 15:14:10,0.00000063,,-100.00000000,0.00000000,0.00,18.57473488
a9d83843e01364f285f03546917897e3ea9a41edf0d916ac2a489b2cdcabb8e9,Swap,2026-01-31 15:15:10,0.00000053,,1356.00000000,-0.00298041,0.00,0.00000000
be32601fe5381caf81445edc742c2a436cfe37a0ac8640ce6fe03bbfb518ce20,Sent,2026-01-31 15:15:10,0.00000081,,0.00000000,-0.00000081,0.00,-3151.33019459
4599567479ac8f738840e1bfb87cdee5bf96f19286ea32ec40c52e794f93c1ce,Swap,2026-01-31 15:18:10,0.00000053,,0.00000000,-0.00254310,0.00,200.00000000
9d4a094e84b15e093cae01190911d94121dce54fd8044a2103b01804384c4b9b,Received,2026-01-31 15:19:10,0.00000257,,0.00000000,0.04011483,0.00,0.00000000
15f46839dc6ef6d93aa4b8823aa10ec657879c348cbe51e3b89fb70a3078b032,Swap,2026-01-31 15:20:10,0.00000087,,-1356.00000000,0.00000000,0.00,252.73914081
1cd2e70fd2114c657c040952cbca34f54aa37f7a1d55e18350d0ae1088025f77,Swap,2026-01-31 15:21:10,0.00000046,,18.41000000,-0.00004071,0.00,0.00000000
50548951a8d55df0265f9b6288394504e4b6903b7857532dc28c4ccaaeb0c6f9,Swap,2026-01-31 15:23:10,0.00000060,,0.00000000,-0.00611267,0.00,480.48000000
40bd91500fbbcfbb92ef25359349ad4055f9cf02cc2d16d2f9b88a742b0f2dd4,Swap,2026-01-31 15:24:10,0.00000053,,0.00000000,-0.00001272,0.00,1.00000000
5a7bf1d32cc9370588050e7433e53fbf0609669616578933f7ff1d77ebe254f7,Swap,2026-01-31 15:29:10,0.00000059,,-18.41000000,0.00000000,0.00,3.35574417
a1db6647b13e43c3936f7cc4e7d9d3f4d3811982152175e34a0da4c4a5151e60,Sent,2026-01-31 15:29:10,0.00000061,,0.00000000,-0.00000061,0.00,-937.57488498
31948b28a17df4080b632960b62970fa571dbbad4f19566a4a96fd02a21bb072,Received,2026-01-31 15:34:10,0.00000257,,0.00000000,0.01190307,0.00,0.00000000
84d4fd8c16efce832570a817f48086b2973889a4529ce6c598fc4698b368f675,Swap,2026-01-31 15:45:10,0.00000143,,0.00000000,-0.24846079,0.00,18979.02891344
2a9ac46a63a18433a5033bf78a4565dc54f4692b4d2293a83e2c2f155ac012bf,Swap,2026-01-31 15:47:10,0.00000053,,0.00000000,0.00000174,0.00,-0.20000000
457cbad8e8c02be19243519695f5ccd6f77534bf9112446305b8240a9eb49e39,Sent,2026-01-31 15:47:10,0.00000033,,0.00000000,-0.00000033,0.00,-18978.82891344
6a43f82e11274f96ad30fe9c6c84929b67553677c2d50852225864e0fad8ef71,Received,2026-01-31 15:52:10,0.00000257,,0.00000000,0.24330144,0.00,0.00000000
c4a6cf472d819eaacdb8e81910856ad7c62dccf18677f217a69b3f0cd8959242,Swap,2026-01-31 15:57:10,0.00000053,,99.00000000,-0.00022014,0.00,0.00000000
30a31b59b2e139ede4d8c25104195d0ff4cb096d70245ab4cf875597bc25ee31,Swap,2026-01-31 15:57:10,0.00000053,,242.01000000,-0.00053775,0.00,0.00000000
d5dc828a3f08de6c3625ed8ae4550c52e74d69e724a80ba86f1ec1db55e5edda,Swap,2026-01-31 15:59:10,0.00000068,,-341.01000000,0.00000000,0.00,63.54230793
5ea8055c927a42b0d4247d8700b2567914488649395152ae2646848c0a39e0e2,Swap,2026-01-31 16:01:10,0.00000046,,147.81000000,-0.00032780,0.00,0.00000000
10b33deebccaa9f31f6161acaa211aec527a1ee57b413fd4a104e377e082fdba,Swap,2026-01-31 16:09:10,0.00000060,,0.00000000,-0.00004442,0.00,3.48000000
d3f737ba4fe3087b8d8c704fde40ea409be0d8b8709482dd9343ea4407c9fae4,Swap,2026-01-31 16:10:10,0.00000057,,-147.81000000,0.00000000,0.00,27.47423188
c48bbde4576f8b0cbbfa9009c1b7fa108427bb2049f5f97a8f5a03045aa780e2,Swap,2026-01-31 16:19:10,0.00000053,,0.00000000,-0.00012780,0.00,10.00000000
8bd7029cfe03f27abf0e7bd5afc75db1bd22d83e24e9ac8f6e02751bf56613ac,Swap,2026-01-31 16:20:10,0.00000053,,0.00000000,-0.00085521,0.00,67.00000000
430b6aee23808605769237c9df1e940e60994587062bdf0d83a22d9ea733ee70,Swap,2026-01-31 16:23:10,0.00000053,,0.00000000,-0.00460205,0.00,360.00000000
805efd3d1160f8b9cf24d066dd62e2e59ed4aaff75e0b755dcb74fd8fc7eee4b,Swap,2026-01-31 16:44:10,0.00000081,,969.01000000,0.00000000,0.00,-167.13168119
bbebdf2a1551a44eaa9a6da75a933193b920d8e81d65988fdba19d222dbf6c68,Swap,2026-01-31 16:53:10,0.00000060,,-969.01000000,0.00231914,0.00,0.00000000
5f2822d2b00a00d02648296e2fd4cd5ac5f159dfde1cac1ce965c9043b5ce130,Swap,2026-01-31 17:11:10,0.00000053,,0.00000000,-0.00012827,0.00,10.00000000
b34811817938da6d9f4c02fd8d3ae4b74883ccbe0846571376052cb15f97e047,Swap,2026-02-01 00:57:10,0.00000149,,0.00000000,-0.02595378,0.00,2051.18107424
60e51bac684171e1a1d8f9686e7eb155db4bea66ceb8870d42b0c32995a541d9,Swap,2026-02-01 13:14:10,0.00000046,,0.00000000,-0.03095784,0.00,2400.00000000
d058551d2dde4f39b071fd07c9a2422d32c6a15343d25dffe92afa1afb1d5d83,Sent,2026-02-01 13:15:10,0.00000068,,0.00000000,-0.00000068,0.00,-4825.54593286
6b1c594785d00508f3d13f5f9631232d1600ed43009e3821d517ebe92c9d18ab,Received,2026-02-01 13:19:10,0.00000257,,0.00000000,0.06221271,0.00,0.00000000
31f3de9b185bf55fce050a818e765134603200178025b2ab592335b809351436,Received,2026-02-01 17:50:10,0.00000040,,0.00000000,0.00000000,0.00,71.37425624
7ebf7f525f82522bf9c0386bff3cefcad2d71c2d673bb72413a6c5e114bbb0f6,Swap,2026-02-03 14:44:10,0.00000216,,0.00000000,0.00050378,0.00,-37.52262005
067574daff547279c6cd87668bdde6c41d86aaa683a22430c5b05fc17294d9f3,Received,2026-02-03 15:56:10,0.00000047,,0.00000000,0.00000000,0.00,164.83127925
052ff7bfcaf9fc9faadc3e82737c4b5186de1d670b0306bef71846be625410ce,Swap,2026-02-03 16:17:10,0.00000046,,2924.00000000,-0.00682669,0.00,0.00000000
2e89594f3883c79ccfb847a24f98d864ab98c3bae6a636dcfee902fbed761680,Swap,2026-02-03 16:26:10,0.00000046,,-2924.00000000,0.00732327,0.00,0.00000000
bcee984c6842dfd1f5b172fa796008f2251117c9fdd6d0ba661a7f5b2538e6e3,Swap,2026-02-03 16:28:10,0.00000060,,217.62586407,-0.00050927,0.00,0.00000000
1cfcac0903dc0be3597642642bc38d5d5c65732b90cb9f3b6af5eb5809b54e9c,Swap,2026-02-03 16:44:10,0.00000046,,-217.62586407,0.00054237,0.00,0.00000000
3310c0bdc847fb9e43f35dd05574c4bc1ebe7f7f522404b0926a41fb948b704f,Sent,2026-02-03 19:07:10,0.00000047,,0.00000000,-0.00000047,0.00,-64.00000000
c2adab656347fdb627288cf8d32c2070c7a441df12a3c824462e522122a3955c,Swap,2026-02-04 14:51:10,0.00000189,,0.00000000,0.00098755,0.00,-70.88189009
55794b9de6435fee90d7954c5145193270cbb31f7847de4fff4462387fbb6e76,Received,2026-02-04 22:46:10,0.00000392,,0.00000000,0.00000000,0.00,1499.00360000
41f4680762236c61ad8b2842f94075bed6306b53a414af0331447e1009fffb7c,Sent,2026-02-05 13:14:10,0.00000040,,0.00000000,-0.00000040,0.00,-60.00000000
79b244a0f3f4ab67fd312d54106f3cae3f49c48b2ccd7b8f7d5c85f2bb127918,Swap,2026-02-05 22:01:10,0.00000169,,0.00000000,-0.24609910,0.00,15743.21463177
90dfdb92364851395ef09cb5fc16333e21d35a4311ce2cb55271dda0268b4071,Swap,2026-02-05 22:11:10,0.00000055,,0.00000000,0.00000226,0.00,-0.20000000
a2bc55d706c1014718788ec94e4f79e38354224d49fe966fc34be6631730dd47,Sent,2026-02-05 22:12:10,0.00000047,,0.00000000,-0.00000047,0.00,-17245.81925712
00b63a41a2ca2f957a1b4c434a823326a75d94b67ce6b377eb5bcde8613b400e,Received,2026-02-05 23:33:10,0.00000273,,0.00000000,0.26547924,0.00,0.00000000
20dad59a6c83824c6716971d809f9980ef7cd15a2a1d4ce2af2a24a69e55246a,Received,2026-02-05 23:48:10,0.00000033,,0.00000000,0.00130655,0.00,0.00000000
7b49996e04dd634ab8d76c5d1079833c274e287ec84a28d2af022cad87cf99d3,Swap,2026-02-06 06:40:10,0.00000142,,23258.10868439,-0.06124808,0.00,0.00000000
48a1104c5f9d7c1a0d9c123e07bcb5fc4145e0c7e1f4a5649db2413c47573e4f,Swap,2026-02-06 06:47:10,0.00000060,,-23258.10868439,0.06598763,0.00,0.00000000
42e4eab1eb900b9da435eae1b4a1104b557f11f3c3f5f610a538fc2727dc1db0,Received,2026-02-06 07:14:10,0.00000033,,0.00000000,0.00030088,0.00,0.00000000
d8f50e50ffbb9f215830ea6f787b76d54ea9bb0b5b84708fa8bdc8c8d78a3208,Swap,2026-02-06 13:09:10,0.00000141,,0.00000000,-0.26970107,0.00,18811.81176443
5a9ea351b8c87d2d02ad5d3cfafb3fd22f03fb5197a8a773c0f986122813a15e,Sent,2026-02-06 13:11:10,0.00000033,,0.00000000,-0.00000033,0.00,-18811.81176443
98ee37dd95283ad4e92628de3f58ce8fe8b93893c23b768435f40cbb4a98ee45,Received,2026-02-06 13:15:10,0.00000257,,0.00000000,0.27114357,0.00,0.00000000
ae1bc1c127ac42584f5fc219580dd3fbcb252f089dfcb5cd8fe1b94a00e42202,Swap,2026-02-06 13:20:10,0.00000080,,0.00000000,-0.27127353,0.00,19042.45618672
47f8e5dcddc8ec2602d366be42b528cab38840a8926c6a050b38d35cd444536d,Sent,2026-02-06 13:21:10,0.00000033,,0.00000000,-0.00000033,0.00,-19042.45618672
7d3f9c0c748c81f8c2f903b8cffc723c7abe3e85c13224c2d1c92b2bf41ef595,Swap,2026-02-06 13:23:10,0.00000053,,0.00000000,-0.00000597,0.00,0.42000000
ca715de98e215dfa68e9af445ab1efd02f6d38a7d4285784a70f7f428dc81cd8,Received,2026-02-06 13:25:10,0.00000257,,0.00000000,0.27344127,0.00,0.00000000
37b471f03565e6ee6862aaf07562e98bf53b8a0c22bf25113887154c7d17b0f8,Swap,2026-02-06 13:29:10,0.00000080,,0.00000000,-0.27480832,0.00,19288.22708330
c6e30996a6e48965ee94bb95522f1121f6a987006ea4963ea0538e3a7215f222,Sent,2026-02-06 13:29:10,0.00000040,,0.00000000,-0.00000040,0.00,-19288.64708330
3c6964f385392f23a0733f5d513c9d5a30d5e31453479ef3fabeea2449750dea,Received,2026-02-06 13:32:10,0.00000257,,0.00000000,0.27734736,0.00,0.00000000
4b73f0f5a808ecb403a4b9a73fc4685fa391ea4b6e8e02c05aa3840dd7611d0e,Swap,2026-02-06 19:08:10,0.00000046,,47.61000000,-0.00011729,0.00,0.00000000
999df5b8b2f64f30008dbde6afcf7fc1c57cebd7bfba66830126a4a1f1be5c79,Swap,2026-02-06 19:11:10,0.00000046,,-47.61000000,0.00012536,0.00,0.00000000
fab332e7de6fe1d6dd93cad5f0ba82200520c1b23ae760bc1265e57bcfc31729,Received,2026-02-06 19:12:10,0.00000392,,0.00000000,0.00000000,0.00,111.82376900
6c0292e47a624fd340cd696722d141a76906bc2c8859c38cb1bda2d9f222bf60,Sent,2026-02-07 08:55:10,0.00000040,,0.00000000,-0.00000040,0.00,-52.00000000
61009c10b57d77396fff7eca09d33f41ae78f6fc7bfde164af42596398e518ff,Received,2026-02-07 09:38:10,0.00000392,,0.00000000,0.00000000,0.00,1370.03860000
1fad7e11e3fd920f0ac07be7490874f9ca88d3c51c3040db8ac68a648b7ba699,Received,2026-02-07 10:46:10,0.00000033,,0.00000000,0.00000000,0.00,38.60465430
cd1d0def8d7da93cc79d62dd7bc992c7dd1fd287ce53409cdd178ff83be01619,Received,2026-02-09 23:29:10,0.00000026,,0.00000000,0.00027068,0.00,0.00000000
3e5507bd54529651130eec592ecb17f908e3a3d72fabb12bb485c2bf37673432,Received,2026-02-10 23:19:10,0.00000047,,0.00000000,0.00000000,0.00,165.81592885
085408dec4c3fa024401d6ab22e4c9f2b59244605ad45fd37eea1e905dda4895,Sent,2026-02-11 09:36:10,0.00000060,,0.00000000,-0.00000060,0.00,-140.00000000
b2e2a80511090bc9ebe6b89f61834fc60425d6d1f54396864848e9c37b75dd48,Received,2026-02-11 09:44:10,0.00000392,,0.00000000,0.00000000,0.00,177.19127200
00620c36d6a077715cafebb0b20617d85a26dfc36f30030b380a9be28055d443,Swap,2026-02-11 15:48:10,0.00000142,,0.00000000,-0.11919519,0.00,8051.62088800
e0c3d4d7cbb2d9394cdba0cd73cabc37869fe7a2e0cee3bd6efa8658b6c09652,Sent,2026-02-11 16:14:10,0.00000054,,0.00000000,-0.00000054,0.00,-9723.09511215
4f25e05542c7cd9ad689556651c345bf5ed9179cac4310529017b0e78925ea69,Received,2026-02-11 17:38:10,0.00000257,,0.00000000,0.14422062,0.00,0.00000000
ecd7c57a175f47162a92b6bfffb27184726981815ecd4c6475753a3e43485e9e,Swap,2026-02-12 15:17:10,0.00000053,,0.00000000,-0.00002413,0.00,1.59316000
02b40eeb0092c3bb5c1114e7ffdcac877decf5f1c2438a4bc67b0b470102c84d,Received,2026-02-12 15:44:10,0.00000040,,0.00000000,0.00000000,0.00,60.39608197
dd138efb278b174e2b97de5018cebce7bbeee0f32244cbefbe4ccd166856459f,Swap,2026-02-13 11:31:10,0.00000084,,332.55612450,0.00000000,0.00,-57.96275189
395646a262c365cb229cffe581f59ccc494a3668d9ae40c0bf2219c1df11b84f,Swap,2026-02-13 11:39:10,0.00000064,,-332.55612450,0.00000000,0.00,62.44766996
4c22c4bdbb201f1aa0f95827c98ef977354b0dcb96313846dbc12ad83f4d433a,Sent,2026-02-13 22:09:10,0.00000040,,0.00000000,-0.00000040,0.00,-66.47416004
73a76b68b71c7cb0bda3053905fc92528867afcb40e40c0172ac34ce6ba36b13,Swap,2026-02-14 08:54:10,0.00000067,,0.00000000,-0.00400000,0.00,279.45812522
b4d2ca89ac351c5f85cea5f97cced5e312411a0fd8298f4b900a8142471b4c74,Sent,2026-02-14 08:55:10,0.00000040,,0.00000000,-0.00000040,0.00,-170.00000000
9d79e6301586fa28c6b6235fcf25f139677e2342c2e96c173b6a54bbc1f705ce,Sent,2026-02-18 12:31:10,0.00000040,,0.00000000,-0.00000040,0.00,-80.00000000
dbd0da0d6b238fc15c24ef4909cfd1e81f99b12eef351b9c5b0b2aadc093b083,Received,2026-02-18 18:39:10,0.00000033,,0.00000000,0.00000000,0.00,86.17361027
61c023d5c9c28e972f687420c9e56e85b68e90dcf6234b581d99c4769ec457e5,Swap,2026-02-20 10:24:10,0.00000110,,391.88552594,0.00000000,0.00,-68.26561047
9b51c7c694f0496d221b32d9f0b99a7dc64aa5100210766fb2f1d352de6a3679,Swap,2026-02-20 10:29:10,0.00000060,,-391.88552594,0.00000000,0.00,73.76894578
9c4f5bd33265e99e1b4b8139fe648aa030ffd126535dc1fce329984b5be64cf2,Sent,2026-02-20 11:11:10,0.00000047,,0.00000000,-0.00000047,0.00,-30.00000000
3aa7adc32c15884b74efb114bec6a914cd2a2b29b8fcc34a12af753bcaa0c599,Swap,2026-02-20 14:51:10,0.00000087,,0.00000000,-0.00015561,0.00,10.52000000
5cfe3b25b207858504e0931f8f31c228261eabd88f861ebc8cad35b63f10a781,Received,2026-02-24 13:23:10,0.00000035,,0.00000000,0.00019000,0.00,0.00000000
031093d6a0302bfd3f79fd6fd7094aad553535b63c829e408959483c29f4fb69,Swap,2026-02-24 13:26:10,0.00000067,,0.00000000,0.00155563,0.00,-101.65487468
da02c636df80e4c7d75ac14adb849b47e4bcd7560e0cf54e8ebf8e297010b680,Swap,2026-02-24 13:28:10,0.00000067,,0.00000000,-0.00160000,0.00,101.83496643
b84abf757436c36598689e667389a1fce8de87f88940c62855c1ff26ccbb06d3,Sent,2026-02-24 18:02:10,0.00000054,,0.00000000,-0.00000054,0.00,-12.75680000
4340fae028aa6c20fe2f74ef7cc6574a03bda5e24ac78a5630c5818074099aba,Swap,2026-02-24 18:02:10,0.00000053,,0.00000000,-0.00020000,0.00,12.75445235
3f70edb5a61970c4d48c2bf8b9fe427faa14ca6ea77348873202bba5feb9bdc3,Swap,2026-02-25 14:12:10,0.00000237,,0.00000000,-0.29903658,0.00,20608.71474918
3f0dfe6599df4a3ef7c3421cce4d063b6bd74850c8be55221791c5f0ce64edec,Sent,2026-02-25 14:14:10,0.00000040,,0.00000000,-0.00000040,0.00,-20710.34756408
23421dc9c46bb0b9a3204ebb126e0db9cb805743441ca8021ca372b0b77bfb6c,Swap,2026-02-25 14:14:10,0.00000053,,0.00000000,0.00000209,0.00,-0.20000000
28a0f8d38d18d8da886301ae7ba47e4e9012f6df01f126cb037f19be97ddae5d,Received,2026-02-25 14:19:10,0.00000257,,0.00000000,0.30168177,0.00,0.00000000
8ae072cef2ebc01e1a62689584097388687253ed72552609f8c0fa9f9a182df7,Received,2026-02-25 15:26:10,0.00000033,,0.00000000,0.00000000,0.00,21.47217106
6c9d292dc05ce5c6718b706ef23595fe37eb4a33ff8d7d96a1ac45f6512d191c,Received,2026-02-25 15:26:10,0.00000026,,0.00000000,0.00086420,0.00,0.00000000
543ead7ba54e6a7fe28b8bf32100d60e741c11cba18cf108f29a14fc432bcdba,Swap,2026-02-25 15:31:10,0.00000053,,0.00000000,-0.00043066,0.00,30.00000000
ba17cd09b6655cc4ed4a5227afc72c224ae356867cd580fc7963dca8046b5835,Swap,2026-02-25 15:39:10,0.00000148,,0.00000000,-0.30211700,0.00,21099.25580739
d92b4bab7f701194815550ba09dd16f58de915895ab1ed93571ca09ce2ff16b7,Swap,2026-02-25 15:42:10,0.00000053,,0.00000000,0.00000203,0.00,-0.20000000
b8f922a13c1b3942eca34321a8922e99fc9b87ee1def2a96723d66aff8747e4d,Sent,2026-02-25 15:42:10,0.00000047,,0.00000000,-0.00000047,0.00,-21150.52797845
91c63e1d323ed716ba6e3491433a0632067e35a110ffa0999f3bdf49a859210b,Received,2026-02-25 15:45:10,0.00000257,,0.00000000,0.30399830,0.00,0.00000000
82434db36f75fb0e15dc68f956c83a4c21b5b896245c1ac07c7ddd18a24de8a5,Swap,2026-02-25 15:51:10,0.00000137,,0.00000000,-0.30399986,0.00,21186.10075524
578574c36d7708cce48c84f98e4e19ef7d7e055b42679ac206b530f5001499d4,Swap,2026-02-25 15:54:10,0.00000053,,0.00000000,0.00000206,0.00,-0.20000000
87ca1f1d219225c68296dfafafeaef9da5ed49b90ecec5174ffc22cc399d8d6b,Sent,2026-02-25 15:54:10,0.00000033,,0.00000000,-0.00000033,0.00,-21185.90075524
e895aa1dbb606a7e3db223bba2a7f41cf2e0e780543fa10b061a54fbd2b9bff8,Received,2026-02-25 16:00:10,0.00000272,,0.00000000,0.30520648,0.00,0.00000000
d67f0bf51dc8224073f30bccd03afbddbcd0d1d7804f9c51e599a870f97680fc,Received,2026-02-25 21:01:10,0.00000020,,0.00000000,0.00013156,0.00,0.00000000
fc692109c1d8e293132b08fd19e40aa08f1cde2c3922c16118b4bbe59bd153c7,Received,2026-02-26 19:49:10,0.00000033,,0.00000000,0.00000000,0.00,216.35501315
889ac15101b2b9e081fdbd849f8eed104ae45c64a562962ab558c9ef3e5365bc,Swap,2026-02-27 14:08:10,0.00000070,,8.71000000,0.00000000,0.00,-1.54264345
ccdb5a5074c40fc082413453ada77b0c84a4e7dbe036c5b1f45e8e0f288d245e,Swap,2026-02-27 15:04:10,0.00000060,,278.37000000,-0.00075167,0.00,0.00000000
092ba0955925f92b6cc0f9f48fefe2bf6cc9a8f787a763f2a9d25df3338e0afd,Swap,2026-02-27 15:05:10,0.00000062,,-287.08000000,0.00000000,0.00,54.83381961
604bba1fcc0a65e83590a7c4794e237e38efd984e4abf9002edf1739add182a5,Swap,2026-02-27 15:05:10,0.00000046,,485.01000000,-0.00130966,0.00,0.00000000
2f015ef1dfae402a68aecea67d570374536a0d0d754ef34bb5a0d717c66544ea,Swap,2026-02-27 15:07:10,0.00000074,,-485.01000000,0.00000000,0.00,92.68488741
5044d7068c40e7f780f129c7855c5791a05500d3cd89b5fead5299a0ebde7366,Swap,2026-02-27 15:20:10,0.00000066,,37.70000000,0.00000000,0.00,-6.66569068
05621dcd18ea31811276a2e25b1109b44bb943ae1a664f5bd251d712a607cacd,Swap,2026-02-27 15:23:10,0.00000087,,359.01000000,0.00000000,0.00,-63.47611702
3b2d8f7ab6bd59cde35e089af56ac34729c7a575c4c24214562eb317f7222d49,Swap,2026-02-27 15:24:10,0.00000067,,-396.71000000,0.00000000,0.00,75.73862887
314a971da7e4b383e7aa510e15e1bb49ce0b9c53c25516aea0fbbd1bb71630c4,Sent,2026-02-27 23:24:10,0.00000040,,0.00000000,-0.00000040,0.00,-50.00000000
e959b335216359b388a6420a1784dc6b1b61e47e582a1f3bb05b3a4cb911ef05,Sent,2026-02-28 14:00:10,0.00000047,,0.00000000,-0.00000047,0.00,-60.00000000
ac59658ba4f7644105dc26e2cc16e317cad3fce0afdb919329c4573388225ad1,Sent,2026-03-01 15:32:10,0.00000040,,0.00000000,-0.00000040,0.00,-50.00000000
16bb1b78baab2d89fb75c008fe1fd0f1d8957bac48b5df525553f4a10fcb192e,Swap,2026-03-02 02:17:10,0.00000094,,0.00000000,-0.30327717,0.00,20364.75595884
10b07cc02dae3da5fd483a4d5463c7249971106c5f19916f9c3dde39dcd3e90f,Swap,2026-03-02 05:49:10,0.00000053,,0.00000000,0.00000220,0.00,-0.20000000
c1161ee9979bb191ef0ab732f1a33144c5b7f8669703bc77164880c6b20375bc,Sent,2026-03-02 05:50:10,0.00000047,,0.00000000,-0.00000047,0.00,-20572.48385673
f6e4e6b369918130771b6dacafba2c819782887e8ce929e6e2b1666b149f3770,Received,2026-03-02 05:55:10,0.00000257,,0.00000000,0.31022893,0.00,0.00000000
f3d2d8126176a61cc4d8d79e370c93ab55244dc2a275d765e1b5d6e623aa6b97,Swap,2026-03-02 09:22:10,0.00000103,,0.00000000,-0.05288177,0.00,3524.51785278
1d1b19bf53e6e4bf712b1ccdda335fa1608c092460ea04c8eb9ab761a86e385f,Sent,2026-03-02 09:23:10,0.00000040,,0.00000000,-0.00000040,0.00,-3450.00000000
356b927ce662da3fba06cff148a6983832065863d143cca8a16a0f183a25d0a4,Received,2026-03-02 09:30:10,0.00000257,,0.00000000,0.05214664,0.00,0.00000000
f8b68d266207f7ef280638edb7e8d32d5ef9f2fec0fc0042c869c43751f393e6,Swap,2026-03-02 10:07:10,0.00000087,,0.00000000,-0.06175413,0.00,4093.30060857
7971a13c740883d70797e6980140a6515574531f013d0d3da5b7dcd06b3f91bb,Swap,2026-03-02 10:09:10,0.00000073,,0.00000000,-0.00010521,0.00,6.96848100
e2f3e2d29531525b6bd09cce17c6a688b903b5c0e7edda54c5974f54990eedb8,Sent,2026-03-02 10:17:10,0.00000047,,0.00000000,-0.00000047,0.00,-4174.78694235
822443575732645f113507ee94f53a94bb481014b1b187e83e9f9c56e6c112cf,Received,2026-03-02 10:21:10,0.00000257,,0.00000000,0.06316010,0.00,0.00000000
1cd85fbdcb74685f25c9c33731f6f87c5477e50212f827fef806a304258bc856,Swap,2026-03-02 10:28:10,0.00000096,,0.00000000,-0.08883873,0.00,5901.35152806
36b7a30a2ad86b048d732655e52ffb5bb91316b155c5177e40fc06e89b50ee1a,Sent,2026-03-02 10:29:10,0.00000040,,0.00000000,-0.00000040,0.00,-5801.35152806
74b0249e8e8eae5471e06db94d522bc2e1bc363acda975b4a2e49cbae22eceed,Received,2026-03-02 10:34:10,0.00000257,,0.00000000,0.08803273,0.00,0.00000000
9746b0679f20f67f155d19c73ce68e7e6a4a4a2ff6464995bba253a272e3d645,Swap,2026-03-02 11:36:10,0.00000067,,0.00000000,-0.04255895,0.00,2832.29433076
dc40ca0464e6a950bd06d14fb31ac69beb8e84d2ed5ebc229229f4e33d953718,Sent,2026-03-02 11:42:10,0.00000040,,0.00000000,-0.00000040,0.00,-2932.29433076
bcc1a2f26c28864c6b44654554a3e7d5fe2ac0dc8035f3259d5d3ab8399831c9,Swap,2026-03-02 12:21:10,0.00000067,,0.00000000,-0.02003803,0.00,1380.40750000
c81414c9d57809974dc09f3b7366d68746f09569c22d03db49dad7143347f194,Swap,2026-03-02 12:21:10,0.00000141,,0.00000000,-0.16338101,0.00,11233.19034500
d1f9e91f1c2bba945a2595bfd7c17727d959924b901519e1bbbbb1575b3c37a6,Sent,2026-03-02 12:23:10,0.00000040,,0.00000000,-0.00000040,0.00,-12613.59784500
ff0e92573adef2ee1a886a724d1b38d863aa446e7d821d8108fc636639212ef8,Received,2026-03-02 12:28:10,0.00000257,,0.00000000,0.18386876,0.00,0.00000000
955c45858345914985f92acc4e0a08ae9cee05403faa09c0523621dd657474b2,Swap,2026-03-02 13:32:10,0.00000053,,4858.02000000,-0.01230058,0.00,0.00000000
f9a607af652ba6e172676e0d92c95146f9bc260bd97c0ec820e2e23969f2cbf4,Swap,2026-03-02 13:37:10,0.00000046,,-4858.02000000,0.01326637,0.00,0.00000000
8eb877d63d4e11f9ba7f1d6b863e75810bdddcf7032e54dafd9e938521ca705e,Swap,2026-03-02 17:43:10,0.00000096,,0.00000000,-0.26884478,0.00,18688.36688594
051f897a717d84c8feb09147f1abb6aad9f23f70e45f943cfbb46355c7f5e991,Swap,2026-03-02 17:44:10,0.00000053,,0.00000000,0.00000206,0.00,-0.20000000
eb99c199418a0af5d428adb88dec7473c96f2ffcdb1a2be0de997428573b3124,Sent,2026-03-02 17:45:10,0.00000033,,0.00000000,-0.00000033,0.00,-18688.16688594
e4f3340a8ff0401ed316f51f3e1766b5929d2714593dc00cf049b1dbd122bbf5,Received,2026-03-02 17:49:10,0.00000257,,0.00000000,0.26956003,0.00,0.00000000
a535449cbbbb51d50c26e61db86bcf40645ab1ca5e8f74b25ce02da63ff3a6e9,Swap,2026-03-02 22:58:10,0.00000060,,8.81000000,-0.00002255,0.00,0.00000000
168fe8aa816a1666b3e20b23f19a0671c797239daad45258499eb757f7608e0f,Swap,2026-03-02 23:00:10,0.00000105,,0.00000000,-0.20287172,0.00,14053.84735447
ef7dc559b17bcafabda90c4942545fcec19bc11d8c0d8839cbe0276f24797d8f,Sent,2026-03-02 23:02:10,0.00000033,,0.00000000,-0.00000033,0.00,-14053.84735447
8b88d821468f319755affedf8f4b4697dc2c26c19b45d7bfac9b0dbfe5cb39b9,Received,2026-03-02 23:06:10,0.00000257,,0.00000000,0.20487720,0.00,0.00000000
b3c6e6a58f33496e597717f809c39a57772046931263131344baaf4ecc35ed1d,Received,2026-03-02 23:15:10,0.00000392,,0.00000000,0.00000000,0.00,2909.65561493
268f29a8a7e06630ace251254a4086f350888963bdf30bf82ff2ae9037f4977f,Swap,2026-03-02 23:26:10,0.00000053,,32.54000000,-0.00008395,0.00,0.00000000
8aafb8242da281c06f8bbee117075953d8b18494b31983652ac136cba05eaef9,Swap,2026-03-02 23:27:10,0.00000067,,-41.35000000,0.00000000,0.00,7.78354866
f7b49d8ecf179c199b17b0895c5ecb2c3a251693aed7874276c3e07bbc7493f2,Swap,2026-03-02 23:28:10,0.00000046,,96.00000000,-0.00024744,0.00,0.00000000
40b43ccdb0cd9f0844ad79959b43065ab783b9d9988095351374c4a6d6583d85,Swap,2026-03-02 23:36:10,0.00000067,,200.56023000,-0.00051753,0.00,0.00000000
db52533c50df327575eebee79827813b09db550c32283010deb082758d61918a,Swap,2026-03-02 23:42:10,0.00000067,,550.00000000,0.00000000,0.00,-96.68471454
d7192463971eac9c39c89126a8a8033b9c7d0c4707b7ca99e9372344d9131e0b,Swap,2026-03-02 23:47:10,0.00000060,,-846.56023000,0.00234724,0.00,0.00000000
c462448742762532a9813e191c78ab2fa090a652ae6d78c648f5ed249e1e45f5,Swap,2026-03-02 23:54:10,0.00000060,,0.00000000,-0.27304268,0.00,18828.84846548
58d2dae252d06d5d4bef0c1ffdb495bbe39e2d4c0028c23e646a9eb9d79f1e9a,Swap,2026-03-02 23:56:10,0.00000053,,0.00000000,0.00001368,0.00,-1.00000000
7980d0f09f80c8045436faedc459327f656f8f4c2da0b759b7d097488097d156,Sent,2026-03-02 23:57:10,0.00000054,,0.00000000,-0.00000054,0.00,-18740.00000000
96dc93e0c0dea4ead865288a347bee7afcb951ffc3a77b2fb61ea8fa28d87df0,Received,2026-03-03 00:01:10,0.00000257,,0.00000000,0.27302482,0.00,0.00000000
5b69483e28ab1b4a55f7eebcec9eaed8e39aab98efd3a2773137fa63da78e19f,Swap,2026-03-03 00:05:10,0.00000053,,0.00000000,-0.27303796,0.00,18806.93946309
8cb7a2737b9b589b48c374efb5e5f6d416d1f5c6e281657343ef74f674fbd52c,Swap,2026-03-03 07:03:10,0.00000053,,0.00000000,0.00000218,0.00,-0.20000000
5daf4a155f9d53ee532ad977563b999e448801f2db92a4f05b29ba7446b171ba,Sent,2026-03-03 07:04:10,0.00000047,,0.00000000,-0.00000047,0.00,-18805.00000000
e35eba4d6ecfb618e5570f4f306f0dc2443bff3145125633235c57769b1e19c2,Sent,2026-03-03 07:08:10,0.00000033,,0.00000000,-0.00000033,0.00,-2910.34237762
f9158b65908db74b61c2b1d8ec9bf173b2dbdfc2a5d545d9d5255442926f9540,Received,2026-03-03 07:09:10,0.00000272,,0.00000000,0.28196140,0.00,0.00000000
f9f89f31e5306a01c19326c0f7d59f5d2a5f956df0b2baf075b69bd0ddac6ec9,Received,2026-03-03 12:33:10,0.00000257,,0.00000000,0.04353141,0.00,0.00000000
ecda7f28ac5569204f785bd81162b627a034ea2b3101336afd76d49d964409e6,Received,2026-03-03 19:38:10,0.00000040,,0.00000000,0.00000000,0.00,49.41218004
8b8964ef8c037e007baee54d9d83aa49bd3a90d43ba42ae15a526944ca6435cb,Received,2026-03-04 21:07:10,0.00000026,,0.00000000,0.00333317,0.00,0.00000000
6f3802baa8895ba0f2a1305582ab2d675f4c2d1affae57774ac5e6678d96a002,Swap,2026-03-04 22:44:10,0.00000053,,0.00000000,-0.00100000,0.00,72.25654668
61a2529d30109c9c6732cc3547ab001751f6fde851f2bf009b1b60276f03428a,Sent,2026-03-04 22:45:10,0.00000047,,0.00000000,-0.00000047,0.00,-72.00000000
f1b0e0a383b36ee2bc4335c3b3621625c2d3ae779f0a70a78accdb6e3faa8617,Swap,2026-03-06 13:31:10,0.00000053,,47.61000000,-0.00012028,0.00,0.00000000
cd32e7a7d1d44b691f3fd7b3e61d5f453555c144d44c518cd37d21206e3f77db,Swap,2026-03-06 13:34:10,0.00000046,,-47.61000000,0.00012877,0.00,0.00000000
6c7390ce1af4da2fec360ba83ecee4e3290226aa2151bcca9ba522c5e6d7af0f,Swap,2026-03-06 16:05:10,0.00000053,,484.00000000,-0.00122855,0.00,0.00000000
7e591fe30cb938159ebeeb839351d44ca5fa0f8de04631d3ed6fd663f2e949bf,Swap,2026-03-06 16:06:10,0.00000046,,91.35000000,-0.00023188,0.00,0.00000000
8db6e07fa06b9c588300e5dbccaa667ac30d06844c9428fa0a8f0e27f00991a4,Swap,2026-03-06 16:06:10,0.00000053,,1.00000000,-0.00000254,0.00,0.00000000
b154e1e5e2b28220071b85f013d1a5ad63cf305c3e61d433416d93119278c659,Swap,2026-03-06 16:08:10,0.00000053,,100.00000000,-0.00025374,0.00,0.00000000
8a92de011c2b1ffc4bbba8ae8a7b1cf95b69aaaf6ad57f431733e3fff11d5dda,Swap,2026-03-06 16:14:10,0.00000053,,1.00000000,-0.00000254,0.00,0.00000000
12c61f3e8f4d3f5791cc75e5dbb24ac5f96461d84bf0899a7adf09d1c0ed0a60,Swap,2026-03-06 16:19:10,0.00000053,,1203.30000000,-0.00304545,0.00,0.00000000
a96f96f64f360ed35dec15447f20353b9b88c97e9248864a552e67918d8771f1,Swap,2026-03-06 16:21:10,0.00000081,,-1880.65000000,0.00512514,0.00,0.00000000
d90e34687ba18b91af2d0fb4bc1e4040de6a506c8d48a2d03ead0c8b56336e9b,Swap,2026-03-06 17:06:10,0.00000067,,144.51000000,0.00000000,0.00,-25.01617262
6e1d7b88e0658293296fd268b5b5ae80a1062e101abe675ccd54e6d08fe0d44e,Swap,2026-03-06 17:21:10,0.00000087,,-144.51000000,0.00000000,0.00,26.97131620
7e591d012392c76c0bc79da111fa7c4f1192cdb632428b4a0e718a60a6725ca8,Swap,2026-03-06 17:22:10,0.00000060,,97.01000000,0.00000000,0.00,-16.79183429
df7a7ae39224035dd62a0492d4947e5f0819063f8d4fd2f88ec0684adeee9d89,Swap,2026-03-06 17:28:10,0.00000094,,2553.67885438,-0.00653257,0.00,0.00000000
8e61ae58c446a107029650b586e86cd27f97a61a7992ed8c90b7b74ded01e29a,Swap,2026-03-06 17:30:10,0.00000060,,99.87000000,-0.00025562,0.00,0.00000000
bfc85ebec206e81225f23f36e957693e01ee838b5a18a60a48c927001f0ba9d6,Swap,2026-03-06 17:31:10,0.00000046,,499.01000000,-0.00127725,0.00,0.00000000
7c8c27fd51d13d4a68374d671446a135814b14f62e642d84fb0c56e2d9eb0d47,Swap,2026-03-06 17:36:10,0.00000128,,-3249.56885438,0.00000000,0.00,607.43309039
0ba64cb3e0c9da0d46b3e51fd85414722b57ed2b0f257ad72bf905304760ce6e,Swap,2026-03-06 17:39:10,0.00000053,,99.00000000,-0.00025281,0.00,0.00000000
0bca75d9500cba2819202d05699efd968292a4324fcd3dc7e3fcfcae2593a4f7,Swap,2026-03-06 17:40:10,0.00000046,,151.07660000,-0.00038579,0.00,0.00000000
47677b5c1465376583b2cc6db4ace689087aa0cefde36fe61fe745059e4aa6ed,Swap,2026-03-06 17:40:10,0.00000060,,3559.01000000,-0.00908827,0.00,0.00000000
4e5aa3c86e5d1f4f9c22e384a607ab9d5afa95c2e9b964a4193efaddb99936e2,Swap,2026-03-06 17:40:10,0.00000046,,485.01000000,-0.00123852,0.00,0.00000000
a0a6d57fca60ba8be4b321b2dd90eaebc5a80d5879d60838f30eb82413508f5d,Swap,2026-03-06 17:42:10,0.00000046,,115.41000000,-0.00029471,0.00,0.00000000
078cb03069740e632dec95ead3099915280b68962adf68764e609b6e6c232b0c,Swap,2026-03-06 17:48:10,0.00000074,,-4409.50660000,0.01210907,0.00,0.00000000
6c3b3488f0f5ca848853649f599c76935a0fe6dad53f455cc5870c0ba3698ec9,Swap,2026-03-06 17:57:10,0.00000046,,18.00000000,-0.00004595,0.00,0.00000000
9f036436d1c92fdee80f6987cdb11b1324adfbb1502c0e37dd0072614710ca38,Swap,2026-03-06 18:01:10,0.00000053,,101.08000000,-0.00025821,0.00,0.00000000
746db69fb80c3679762fe8a5fa8c02b55f2b8daa8b3ae6d0c591c5339acf67e5,Swap,2026-03-06 18:01:10,0.00000060,,389.35000000,-0.00099460,0.00,0.00000000
b2fffc65e85ca47e689657334e4d6df680c3b44e2a6c970abd7d629f6569c141,Swap,2026-03-06 18:02:10,0.00000053,,0.95000000,-0.00000243,0.00,0.00000000
d7e70224ee48ed643edfa54fa386e2771387ae30d74ba498a60eff5f92de7aa0,Swap,2026-03-06 18:36:10,0.00000053,,5.00000000,-0.00001275,0.00,0.00000000
faa20146f028561d0ac1413ecfd93bcd3246357732694923b42a7af3c404a552,Swap,2026-03-06 18:38:10,0.00000046,,193.01000000,-0.00049182,0.00,0.00000000
a994ae52e1e60a878849e3ff6f3594c64ee6b12444ca0935d4bd93448b3c3157,Swap,2026-03-06 18:40:10,0.00000053,,974.00000000,-0.00247873,0.00,0.00000000
5cffe443a998abd0a8507ad6cb7342ed41f962b896a72836558ec0915ba3ebbe,Swap,2026-03-06 18:41:10,0.00000053,,121.21000000,-0.00030847,0.00,0.00000000
bfa1c9e79fe19b02e8cc24cab2d17dcc43148b09c46965e3c74f37e0106c69ed,Swap,2026-03-06 18:50:10,0.00000067,,0.00000000,0.00726702,0.00,-500.00000000
81ebbb03fddef4736f671b8fd3a4a02de2c3b63c9914969bc43beac1716d34cf,Swap,2026-03-06 18:50:10,0.00000109,,-1802.60000000,0.00000000,0.00,336.37863277
78f5d60798b1ea76afe45c1192666596d55bd4e99b264ee801e6402685bfd553,Received,2026-03-06 18:54:10,0.00000033,,0.00000000,0.00000000,0.00,49.94825821
34db9b26da69b0e28f9eada7867d2c4cc7ee43e0a258bcd730ce77a7412bb56c,Swap,2026-03-06 19:15:10,0.00000053,,249.00000000,-0.00063131,0.00,0.00000000
209bf3c3ea3e4cf2226f4260a6d53030c5da88ec659fe2eb58d7b2a828de023a,Swap,2026-03-06 19:17:10,0.00000053,,125.12000000,-0.00031740,0.00,0.00000000
7062f447aed902feb20e33f4278d3817c4bd20265f45799dcbc7c42d198e0135,Swap,2026-03-06 19:17:10,0.00000046,,96.21000000,-0.00024406,0.00,0.00000000
4dc53abd3e38c9914023f1bb2320f047df19fb95ed6977606de75b88e42a02f0,Swap,2026-03-06 19:23:10,0.00000053,,168.00000000,-0.00042564,0.00,0.00000000
cbf3a3326923b17a18558edf3776f8a5bc4612860424dab19cc3bc5c81127366,Swap,2026-03-06 19:23:10,0.00000046,,193.00000000,-0.00048898,0.00,0.00000000
148ab0450d94bf34a18994afa9f0eaaed0033c7957b1d7ee9d89fa9873b8201b,Swap,2026-03-06 19:24:10,0.00000053,,0.40000000,-0.00000101,0.00,0.00000000
3ac2141439a6f541b0d87c4909416847480c59a80efb6f8f7f43df008c5d4e36,Swap,2026-03-06 19:28:10,0.00000053,,0.39000000,-0.00000099,0.00,0.00000000
8130181b858b9711ab36d619c76169e0f79b4f7a46eb99aec221617f95429441,Swap,2026-03-06 19:37:10,0.00000073,,432.59079117,-0.00109733,0.00,0.00000000
b24719513e2df6dc9af641759f1ed9c9a64e3635cbbb04085b3d9a91200956b1,Swap,2026-03-06 19:48:10,0.00000060,,0.00000000,0.00622298,0.00,-428.59201738
f1910632621b240541adbda5b693258642178afcb0df4feb8b505568e8594013,Swap,2026-03-06 19:48:10,0.00000095,,-1264.71079117,0.00344774,0.00,0.00000000
441994017e81d6471072bfae867e71d4c1c4aa75253f5db886ff4ceb6281404d,Swap,2026-03-06 20:05:10,0.00000067,,393.41575000,-0.00099657,0.00,0.00000000
b4f650a1640e37f06d9ad3295cb61bc3df2bb867e9da6de8c3e2f6065412f3b5,Swap,2026-03-06 20:06:10,0.00000094,,-393.41575000,0.00000000,0.00,73.32163767
6394da571c250a30eb97d1b548282908137894081877b472d6c91a7e574b3af9,Swap,2026-03-06 20:07:10,0.00000067,,0.00000000,0.00145333,0.00,-100.00000000
4a25e2a4ccce88eb06fbdecdc792d800fd34c7f427e2a7ee740c32c975afffce,Swap,2026-03-06 20:48:10,0.00000053,,300.00000000,-0.00076104,0.00,0.00000000
eb412fb81a11d6711c4df62bd848535218d71c86b3f49b503c4312856a2ede5c,Swap,2026-03-06 20:49:10,0.00000067,,-300.00000000,0.00000000,0.00,55.81929158
f351f2f1b6cc8b63863d956fae7307d42dea74b252578de17d0598f5db06c5f3,Swap,2026-03-07 13:33:10,0.00000053,,200.00000000,-0.00051033,0.00,0.00000000
2b60803d0e3e9ba01776059518a9f0aad9d296a56439d528cb99eff7aa4fbc28,Swap,2026-03-07 13:34:10,0.00000053,,8.71600000,-0.00002223,0.00,0.00000000
d859193118c7e6236729097788fc1949764aac0c6fa8b78c53c90856abf5db06,Swap,2026-03-07 13:37:10,0.00000053,,-208.71600000,0.00057220,0.00,0.00000000
72960592514e6a049948ebedce05f3b1c27c7c087bd775cda9b1983c44e759bd,Swap,2026-03-07 13:46:10,0.00000094,,790.00000000,-0.00201456,0.00,0.00000000
692bbfc28d37b15241daf2c4d14a49120165b368ca7625b23ea6496fce70291b,Swap,2026-03-07 13:57:10,0.00000087,,-790.00000000,0.00000000,0.00,147.10820686
52b537d36611a822ebdf5c978cc78227393646598520bb13f1924fa475896d2a,Swap,2026-03-07 13:58:10,0.00000060,,0.00000000,0.00292687,0.00,-200.00000000
5cf25906e1cf623ae1b49b8d4b2be3a546061c7f0cd2e698e3981038acfd945d,Swap,2026-03-07 16:08:10,0.00000080,,399.00100958,-0.00102146,0.00,0.00000000
694ed69dcbe4d744c48f8e208c578b2f8bfa3888d6e478b74513efc7be2f8e07,Swap,2026-03-07 16:20:10,0.00000046,,-399.00100958,0.00110111,0.00,0.00000000
bd018eec2bf5ebe3d95c71d6bf7ec279dde019b84456be1a6788a7bcf85430be,Swap,2026-03-07 16:23:10,0.00000053,,99.00000000,-0.00025418,0.00,0.00000000
35fff23f7345f09769a895ad1b4b3ab301ef3556db6bee6aac83452ce15fdcfb,Swap,2026-03-07 16:30:10,0.00000046,,-99.00000000,0.00027337,0.00,0.00000000
744cb016bc902fa10f994dc29fbc9478510cbaf2f2a46b47a3180deb59eaee55,Swap,2026-03-07 18:19:10,0.00000046,,96.01000000,-0.00024605,0.00,0.00000000
12113bd090140419cd7177b9dd5a3a427576a8fdd54039a7d09c46d1a8480945,Swap,2026-03-07 19:40:10,0.00000067,,5.18725240,-0.00001334,0.00,0.00000000
772ad6cfb384372a8810632d78c5df8c1cb0bb300a19f5fb101376978eb80e00,Swap,2026-03-07 19:45:10,0.00000046,,50.00000000,-0.00012842,0.00,0.00000000
684755dc5c4bfa05be31c6a0b9553623d752b16bb098818d92b3356f22d32f1d,Swap,2026-03-07 20:17:10,0.00000053,,198.00000000,-0.00050808,0.00,0.00000000
b98f7923aab53e6a3ee250278a15851f276aec75db03ad53f1fc724ebc1f6863,Swap,2026-03-07 20:18:10,0.00000053,,5.50000000,-0.00001411,0.00,0.00000000
c4b2cecba8cf4d66d15d451b3ad6392757ac6b64032e17de273f839302e9cb68,Swap,2026-03-07 20:20:10,0.00000056,,22.00000000,-0.00005643,0.00,0.00000000
25fe172589c1f2c67b4035fc497ea7341bb2bbe0fac83365c0c6c0d6179459d8,Swap,2026-03-07 20:36:10,0.00000046,,730.39000000,-0.00187524,0.00,0.00000000
a3ebbfc1d8639bddba272b174ea1019c39b919bb685dac033b2e0f2d2fa57bed,Swap,2026-03-07 21:33:10,0.00000088,,-1107.08725240,0.00305627,0.00,0.00000000
d85b28969ab22e429a5aba09ed35e519501081b5a49a3855c7a7fe9dcdb446c9,Swap,2026-03-07 21:35:10,0.00000053,,305.54000000,-0.00078376,0.00,0.00000000
bafdbd6ae13f2a86f1f283eec0ea9143815bea64eb5f56f1317fa915854b6ffb,Swap,2026-03-07 21:35:10,0.00000053,,2.62000000,-0.00000672,0.00,0.00000000
4c88986af87ebd92408a8c5631de302c599d64551e7426979ca4eed8da078b48,Swap,2026-03-07 21:41:10,0.00000053,,-308.16000000,0.00085137,0.00,0.00000000
6cd9a7206bd3f76f28ba9e2c238d16c7de5bf721cd3649f43c0daacb867d4415,Swap,2026-03-08 00:03:10,0.00000053,,25.71000000,-0.00006655,0.00,0.00000000
8b60ba4301b7608f54f3153b71af84ab202221bd390a1b6cd3843dcb7d9f094a,Swap,2026-03-08 00:04:10,0.00000046,,47.61000000,-0.00012324,0.00,0.00000000
554d16901cae2bcdf63755b4516bf884178cb07eb9aafee1ad2865176edf7c49,Swap,2026-03-08 00:17:10,0.00000060,,104.96000000,-0.00027083,0.00,0.00000000
3665712f575118912fc0f8bf0c4db7498d36d1477fef211d001b93893478821b,Swap,2026-03-08 00:26:10,0.00000053,,21.00000000,-0.00005416,0.00,0.00000000
c8342007a31654f78cae000229fabf2482465fec51bfd2ab39b99048035430e2,Swap,2026-03-08 00:34:10,0.00000053,,100.00000000,-0.00025804,0.00,0.00000000
0dfd3901a95cdc9dc4066c4729b88ca00984a1fd34e1d36688d045f06bc17ce1,Swap,2026-03-08 00:35:10,0.00000053,,47.46000000,-0.00012247,0.00,0.00000000
a7c2f0cfae825c863cf9a444731c1794e2d0456b56c25144dd3f55ead20c4f83,Swap,2026-03-08 01:05:10,0.00000177,,9233.81185024,-0.02380190,0.00,0.00000000
c0fc6cba6b20785dc53f193fdbebffd90819ab84e69d041b4f2c9af06c8a2fbc,Swap,2026-03-08 06:58:10,0.00000088,,-9580.55185024,0.02631886,0.00,0.00000000
72404527df158769718ee253d034c0c6df378cb38871c6ed674c86a4d8a2d8f7,Swap,2026-03-08 20:45:10,0.00000053,,0.00000000,-0.00440000,0.00,289.87507992
a8e9cf14a1f7c2f7d5c68e4259231932b38a8d2c6ac5583bf31adbf48f1da961,Sent,2026-03-08 20:46:10,0.00000053,,0.00000000,-0.00000053,0.00,0.00000000
dab6f4652fe66bdc7b8d7a2a8384744e97c2d55a51133b3200be5388219c5bad,Sent,2026-03-08 20:51:10,0.00000047,,0.00000000,-0.00000047,0.00,-285.19122870
21d5532c5d8ff7dade67c3427b55b140f202d4ef8678dd4f35f83852aada78f7,Swap,2026-03-10 12:49:10,0.00000053,,10.00000000,-0.00002499,0.00,0.00000000
50088bdf827d019cd5dd624cd33eaba024357710b66d92053d0df0b190ff884a,Swap,2026-03-10 12:56:10,0.00000115,,458.45494242,0.00000000,0.00,-80.93298733
c55c0ad7f3e3608ebd44c58ba793e92088a14fbf9dcc914b23ee0dc10c287ae7,Received,2026-03-10 13:12:10,0.00000033,,0.00000000,0.00000000,0.00,496.89798747
a1d4482d0b749084dc9674dd278b2eadfa62f254051f024270e40a72c3bcfb4d,Swap,2026-03-10 13:14:10,0.00000094,,-468.45494242,0.00000000,0.00,89.38126707
a73b6fc65be3875b686d9c83deb6509f4d53a22cc14471297c1a266d55d22a38,Swap,2026-03-10 13:22:10,0.00000094,,499.24026659,0.00000000,0.00,-88.15010275
cd2db43c25ca96cbc15f7d1f0425ee4610da849aceb065822564187ccefc8898,Swap,2026-03-10 13:24:10,0.00000067,,1772.99000000,0.00000000,0.00,-313.01771577
907030c200f5ad8c6856d13812fb58abcd370d40b4d57cf8dfda512d6ef0ed21,Swap,2026-03-10 13:43:10,0.00000046,,143.54000000,-0.00035706,0.00,0.00000000
776cf3c92d574387402a03fb2394faba923fa24082766b89271e189a3694e3e2,Swap,2026-03-10 13:44:10,0.00000079,,-2415.77026659,0.00000000,0.00,460.89354149
6924cfb45dabd3b2b8c3a2a8a91dbb9c51e1110a0e037db64ac8a4c4b3299eaf,Swap,2026-03-10 13:44:10,0.00000053,,1284.69000000,-0.00319682,0.00,0.00000000
7f463e2784f737735420eabb14774ca9a24782b2915e248196e7741fe298aecb,Swap,2026-03-10 13:45:10,0.00000060,,327.05000000,-0.00081383,0.00,0.00000000
d26652b4ffddbf011d7b4cba6ce39cef930007e2fb7bce0d49db81a2e6456989,Swap,2026-03-10 13:48:10,0.00000053,,-1611.74000000,0.00431941,0.00,0.00000000
044167f61bb745c8940448a56028125a490a0847cd981b46e24c587167c3220a,Swap,2026-03-10 13:50:10,0.00000060,,18.91000000,0.00000000,0.00,-3.34144017
b16bfd4d7517a3e2a723f97c695d56b04e88168e53720197e3fbff057c31bd4b,Swap,2026-03-10 14:14:10,0.00000073,,285.27641263,0.00000000,0.00,-50.41976870
3ff6dc41cd5382d77f0c21a62b4fb2dfad00d6dc96168954ec255b14890219c4,Swap,2026-03-10 14:28:10,0.00000094,,228.10000000,0.00000000,0.00,-40.36931999
7b9c452538dc17022ec36bd32d10d5278cb7e14df1b3db0fdef510592870d22c,Swap,2026-03-10 14:30:10,0.00000094,,2168.31712380,0.00000000,0.00,-383.75056923
4c253f19b3b700b9e8ee0fdf3d114035980301fb9cc538b216c48ee5dc64243d,Swap,2026-03-10 14:35:10,0.00000081,,800.00000000,0.00000000,0.00,-141.65630716
f1b98573fb8b81ce0ee6ad90912a3cbb6b7fa55f8a85e3f91b15b0d3bd215f61,Swap,2026-03-10 14:58:10,0.00000046,,2969.01000000,-0.00742644,0.00,0.00000000
f1cbc1031195eddb6117c513be0eab9a3020f1c5faef46093f0043e1a43db642,Swap,2026-03-10 14:58:10,0.00000053,,0.00000000,-0.00900000,0.00,636.61633680
3c50a64a51bd9661521b1132981e34341d6e76690f9a706e7e6dc28776a4a038,Swap,2026-03-10 15:02:10,0.00000081,,-6469.61353643,0.01745311,0.00,0.00000000
afd212b20256f279639ce30f925141a576f6e20ee1c1ced2cdaca2937d6e3b35,Swap,2026-03-10 15:12:10,0.00000053,,7.77000000,-0.00001947,0.00,0.00000000
99e49ab4d017aac3b714ac0b85464327769b80b41845a9e3482825904abc5593,Swap,2026-03-11 11:46:10,0.00000080,,362.78485460,0.00000000,0.00,-63.96076386
694c3eb46f86cea8948c4619bcbe44cb202f7b1cbf620011573d5986d44b1c01,Swap,2026-03-11 11:46:10,0.00000055,,96.01000000,0.00000000,0.00,-16.92703778
47c937f152b272bdc043799449710290e2438e41c69ac83ea5c1c3258f600a57,Received,2026-03-11 13:09:10,0.00000033,,0.00000000,0.00000000,0.00,103.61194763
3290dfa678bc6ea499ede776b4912ec8ad246d9719d9675e30830483a335a7fd,Swap,2026-03-11 13:11:10,0.00000060,,-466.56485460,0.00126189,0.00,0.00000000
8eb3eae4809c6fb23fc02fbfe2b9ea0b508d1045d426b2ff5190eb9a2f54303d,Received,2026-03-13 18:29:10,0.00000026,,0.00000000,0.00033892,0.00,0.00000000
f245e8373cce12b6bfe4cb20751d991cc89d30f01ac09ab806b3475725abd439,Received,2026-03-15 08:33:10,0.00000095,,0.00000000,0.00110781,0.00,0.00000000
703331909332fb9bdc0900f2fc6c67d847e5631fe709d570e27a2b89eed22b47,Sent,2026-03-15 17:39:10,0.00000047,,0.00000000,-0.00000047,0.00,-71.00000000
4504ebb4178ef75d4319fd6e9869daea50ff9bdb14001de45dccde691fcc4326,Received,2026-03-17 09:06:10,0.00000026,,0.00000000,0.00205048,0.00,0.00000000
b63d079cd2f5e0323f2b031205c92973d6b13411d8d0693778930d157b509052,Sent,2026-03-17 20:43:10,0.00000047,,0.00000000,-0.00000047,0.00,-120.00000000
07304cb5399ee392fdd330dc64d10be754c847feb19692e05bc7e1def273bd64,Sent,2026-03-18 15:28:10,0.00000026,,0.00000000,-0.00001026,0.00,0.00000000
ee1de90a3c87b30d12039be60bd573cf21fd93f19636546bc0ed0770152e9e6c,Received,2026-03-20 11:33:10,0.00000047,,0.00000000,0.00000000,0.00,2.55764517
362ee819c4673bb40fc0a6ba18a6b7285fea4fb7a9a9e17143e4780ad2bd10ed,Received,2026-03-20 18:13:10,0.00000040,,0.00000000,0.00000000,0.00,201.52911622
347fee7ddf028354640b51128398c52f5dc0ac7e8c607f39ca0c4f51a124f8b6,Received,2026-03-23 05:58:10,0.00000040,,0.00000000,0.00120718,0.00,0.00000000
ff6d7bde251612c0351bc9d55bfdf564049beef3497a4fbb13a3a8fbb0059f03,Received,2026-03-23 06:21:10,0.00000038,,0.00000000,0.00000000,0.00,0.36941021
1b1ce41ddecc2cba4243840afa914187a3c474a148f623aad5fac433a5cd7523,Swap,2026-03-23 08:06:10,0.00000193,,0.00000000,-0.33524907,0.00,23103.47426152
157b5e012b31c68313660cdf1da5ef1407d2e022cdebb00c149b2f0eec1d3b79,Swap,2026-03-23 08:39:10,0.00000053,,0.00000000,0.00000201,0.00,-0.20000000
15efaa952afbaf30037e20a7079d5f386079f4dbedeef09a794ace4549a83435,Sent,2026-03-23 08:39:10,0.00000061,,0.00000000,-0.00000061,0.00,-23802.53848817
76476dcac5b381ff526d836fe419c225cf38c73b73f8748e596450d3fb430e87,Received,2026-03-24 17:56:10,0.00000033,,0.00000000,0.00031770,0.00,0.00000000
92ef1b4516cdea2473521453a36bae90aa7b298a9fa732efcf2503e4aaa2fa0d,Swap,2026-03-26 04:27:10,0.00000053,,0.00000000,-0.00031910,0.00,22.45028848
b703796fc4dd2d5888a8cbd70b5bc169c163793bd02af170627ea92082b76b9e,Received,2026-03-26 15:34:10,0.00000257,,0.00000000,0.34694378,0.00,0.00000000
39722609d4b16f281fa0e728d27bab7173fee24452887ea8d4c6723d04c70d67,Swap,2026-03-26 21:16:10,0.00000053,,0.00000000,-0.00060000,0.00,41.08658935
6cde36cb836ea94c815d979e14f8936ecdab3e0fe9e4debecf4754ab02fec086,Sent,2026-03-26 21:19:10,0.00000047,,0.00000000,-0.00000047,0.00,-63.53000000
6d6c455a2e750cdd4ad6578735116510fc12a6f2cebe6de0791623c03889e788,Received,2026-03-29 10:48:10,0.00000056,,0.00000000,0.00000000,0.00,1.37202608
7da2f6a6ae3d4103e7dd878f8129a5a0f72f11acbe203863c01f9ed5b75e25e8,Received,2026-03-30 19:31:10,0.00000047,,0.00000000,0.00000000,0.00,47.95312406
5c0037f9917860b45f604e1e24bf38aec688f7163ce1ce1056dc163fc4179717,Received,2026-03-30 20:34:10,0.00000033,,0.00000000,0.00154729,0.00,0.00000000
9e0ff044cb858e4c218176ff294cec11e96668302dc87f4e8f20299b021406ee,Swap,2026-03-31 21:18:10,0.00000294,,12673.89842900,-0.03590339,0.00,0.00000000
df71186ab69afb4d3c1bd535d6d7a003dcb483b5fb6f39a6b0618ae2955f1508,Swap,2026-03-31 21:18:10,0.00000225,,2133.44060094,-0.00604374,0.00,0.00000000
b52377e8ba1511ee81f21f4dc0a8ad445472f55687151f02fe636e77c623504c,Sent,2026-03-31 23:01:10,0.00000047,,0.00000000,-0.00000047,0.00,-49.33202797
7f64370679c7b0599a6276fead54d162de1f07dacc541d5e3b23be9372c75a53,Swap,2026-04-02 19:28:10,0.00000046,,-8503.00461688,0.02415507,0.00,0.00000000
2541f0998f9e80366803540b8d4a608064c9db913c2c649bd693e77756a4ece1,Swap,2026-04-02 19:28:10,0.00000156,,8415.12865473,-0.02425435,0.00,0.00000000
d292660bfc93cbfe3368ec16c13229b739c9616109df893b81ec7f5f079481ab,Swap,2026-04-02 19:29:10,0.00000060,,-14719.46306779,0.04186720,0.00,0.00000000
91eb6f5d5939c36fa5fd214e8b06bc5e263e3cdb409b9c4d4ac0aee42e3b84ec,Swap,2026-04-05 10:36:10,0.00000067,,0.00000000,-0.00100000,0.00,66.55970752
9e0f49335ea2a56e27a5bbc89639edda2c98434be1e4bb31b84004d7e73e8f53,Sent,2026-04-05 10:38:10,0.00000040,,0.00000000,-0.00000040,0.00,-66.55000000
d899137263ea3355796107c5dacd207e0858282e51b926422c9997d6f900f7bb,Swap,2026-04-07 20:04:10,0.00000081,,54.21000000,-0.00013488,0.00,0.00000000
a12492e945b8d8786d3f5c9af951d15631068503ba9090ec6ff7623d4f19a083,Swap,2026-04-07 20:07:10,0.00000060,,-54.21000000,0.00000000,0.00,10.30389041
df7c776d92f23586c35701fd7d6781f70d36b2f1b9c19b67eb26d97d657fb005,Swap,2026-04-07 21:11:10,0.00000046,,309.40000000,-0.00076491,0.00,0.00000000
1633bdcdc8b3aa9fb96418fae391e154b84b47160bcd74b07167418e5a338dfc,Swap,2026-04-07 21:15:10,0.00000060,,-309.40000000,0.00082362,0.00,0.00000000
f10ad3b35ce880d20367db71196cd354137e576532a8fdfae5e113ff3dd1867b,Swap,2026-04-08 18:29:10,0.00000053,,13.45000000,-0.00003357,0.00,0.00000000
c4295ddcbb758f47de459e7a471f45932253a8851b0ea1eb858c3bd2055ab0b6,Swap,2026-04-08 18:31:10,0.00000046,,-13.45000000,0.00003536,0.00,0.00000000
1fabe77b3d0b34b35506ffc68b79e8420a7ba8a6a07783184f85000f61d455b3,Swap,2026-04-08 22:28:10,0.00000053,,5.09999999,-0.00001291,0.00,0.00000000
4f46919df57e88888d87b5804ec31a1a158b2f4dd5f1260f43d1f3eeb355ab33,Swap,2026-04-08 22:56:10,0.00000046,,-5.09999999,0.00001302,0.00,0.00000000
e398c49b96be88b8158e44e0bddfe25efc554376fbaeeb406f22c73425f523aa,Received,2026-04-09 07:33:10,0.00000047,,0.00000000,0.00000000,0.00,1.29301691
690de5750849045ce2410f64f7e784ca81a7a031da7077ad2b3e01092c88fa6c,Received,2026-04-10 19:30:10,0.00000040,,0.00000000,0.00000000,0.00,577.70504193
2c7f7865f933c793dbd5914c8db5bb68948cf6fb1e1dc528fa647c4a2ab95e7f,Sent,2026-04-10 19:33:10,0.00000060,,0.00000000,-0.00000060,0.00,-82.00000000
8ed5a67f3816be3c5c06d4f73671da3e0dac056254d018fd30da5c5ed41e559f,Sent,2026-04-10 19:35:10,0.00000040,,0.00000000,-0.00000040,0.00,-200.00000000
f3b3560bd48db272c18137cd0765c92a6eadb5b5258a149483a3185d271c6d4f,Sent,2026-04-12 15:44:10,0.00000040,,0.00000000,-0.00000040,0.00,-100.00000000
4830556c2f2d86ffec754c785af629da14f44a4fa0ef6d79152f28ec88b5ea5f,Received,2026-04-13 07:11:10,0.00000047,,0.00000000,0.00000000,0.00,1.10908577
ec39ace7e1326514066c69b814628a6167a7192770f9187a56c1a1b6358589a9,Swap,2026-04-14 16:17:10,0.00000069,,0.00000000,0.00283435,0.00,-208.42034180
3feef7ec3b3ea8e61c7b329fcd32673a1ea7196fea95ccd2b09bbc9a193662bc,Received,2026-04-16 17:41:10,0.00000033,,0.00000000,0.00000000,0.00,373.80554121
6cbfe0fda0f42c3231b4ac514c36cb5d03cd84060b6b47341ee413c9fa35c705,Sent,2026-04-16 17:43:10,0.00000047,,0.00000000,-0.00000047,0.00,-73.00000000
9adb47f6f49e94e209c1619fcd0d860ed4b9cc7d50040d66e05fb049f2a4617b,Received,2026-04-18 09:52:10,0.00000026,,0.00000000,0.00060207,0.00,0.00000000
ae9a426a110915f9ae769401083133e2c4844757117ac87f0861d69b1b1432b8,Sent,2026-04-19 00:39:10,0.00000040,,0.00000000,-0.00000040,0.00,-100.00000000
27807e940269433256de0405893fab652cb3814d711867fba2d1bfaa04b83824,Received,2026-04-23 09:12:10,0.00000047,,0.00000000,0.00000000,0.00,1.07246254
aeca095f0543508bfb0d76fb2ea2e74120779c9e298f656a4a6912c009776bc6,Swap,2026-04-24 16:28:10,0.00000129,,542.62000000,0.00000000,0.00,-99.55334742
8a1c50a1e011ebb255e1bf395b54825efd31ea6d50c12f01f945090209922525,Swap,2026-04-25 05:27:10,0.00000060,,-542.62000000,0.00000000,0.00,106.61829324
a7308cf5440f027bc57bc6c187406777025e719e6c2d31c16a672f3e8c9aa6ba,Sent,2026-04-25 08:11:10,0.00000047,,0.00000000,-0.00000047,0.00,-100.00000000
e6b49c26d1a8dc40b6ad1643ed36be60d44587a0bc14dc9b11b21e8686062a8b,Swap,2026-04-27 14:23:10,0.00000046,,27.14000000,-0.00006648,0.00,0.00000000
7045c9fd72edf2e40ce5af6e87d4387edd1a6bffc136a2f8f5529e59586e3109,Swap,2026-04-28 07:46:10,0.00000046,,-27.14000000,0.00006912,0.00,0.00000000
e55863ae415d38e404a9305ce400219dd9d23d59a9b1a1f1afd0aef5265d3526,Received,2026-04-29 14:48:10,0.00000033,,0.00000000,0.00000000,0.00,8.71954336
767054fdd551595629de78f6e6f6b1b3c0482a3bd1b5782eba857d976ced3dc5,Received,2026-04-30 18:01:10,0.00000038,,0.00000000,0.00000000,0.00,0.61122002
922c221006ab43800b856d1ebcc7d5ca04b828fe60581b171ba2e68ea0e29758,Swap,2026-05-01 13:09:10,0.00000053,,156.80542548,-0.00037713,0.00,0.00000000
71396ef76ea1f75b87af46a30d4cee32d53623d59ce968b052b543ae40d29ca3,Swap,2026-05-01 13:10:10,0.00000046,,-156.80542548,0.00039551,0.00,0.00000000
587166033872a87286634066b419c11498fc48893e5c285b60f8f741b5468dad,Swap,2026-05-03 22:06:10,0.00000053,,8.46450000,-0.00002031,0.00,0.00000000
fbc8162c4602b1121253e7daf96b59be555c56b07ae8fbd43401bdea5a2526e8,Received,2026-05-04 08:42:10,0.00000033,,0.00000000,0.00000000,0.00,435.94021010
aa651e98983fbae9608e633b06edd4efc447fee3397b919956f3c574c6811d49,Swap,2026-05-05 23:20:10,0.00000053,,124.01000000,-0.00028997,0.00,0.00000000
dcf479a214d58ceaab1bd4446723a950e47fc4ed046fc7e612c6faf737bf2b7a,Swap,2026-05-05 23:21:10,0.00000060,,48.00000000,-0.00011224,0.00,0.00000000
6e9c826ff1fc3e6e7bb5dd711f627989802beac440ebca64d8f41d00f1b913f7,Swap,2026-05-06 23:12:10,0.00000060,,-180.47450000,0.00044372,0.00,0.00000000
adfe1ebbfabc0d62f59132d49dc4c396865c62471026468459813b96eddac6ff,Swap,2026-05-09 00:38:10,0.00000101,,95.38000000,0.00000000,0.00,-18.17110790
3a6472180386c98bf3f5ec84db444561682dc031f8587039ba27e1e8ac10564c,Swap,2026-05-09 04:48:10,0.00000046,,-95.38000000,0.00023770,0.00,0.00000000
001b70a73177b70ccf4b58c90aca2401e0788fe927677a6cf202066a1566822b,Sent,2026-05-10 14:53:10,0.00000060,,0.00000000,-0.00000060,0.00,-100.00000000
270c7731a18b56f58fe4611477522904ea7dee22da34daa8468cdb4e71481be1,Received,2026-05-11 16:06:10,0.00000040,,0.00000000,0.00000000,0.00,41.86269740
b03452578dfe43de1c2b1fad8b764fbf0514ef39c319f8c028790565432218da,Received,2026-05-14 13:35:10,0.00000033,,0.00000000,0.00000000,0.00,84.71849393
9f076b914d673228cb36e1a35bf1c6ac6bd506390c23c90ffdb0707070ac448a,Received,2026-05-14 13:36:10,0.00000047,,0.00000000,0.00000000,0.00,0.89328880
e04eac3909e60696055cb3fd6ca4218214bf668f1689cd1bf18757bf1d3148d0,Sent,2026-05-17 12:31:10,0.00000060,,0.00000000,-0.00000060,0.00,-60.00000000
0fd0df869609abe93bd89f0e12333186aaf281209334856d003a1915850cb0b1,Sent,2026-05-21 17:46:10,0.00000026,,0.00000000,-0.00001026,0.00,0.00000000
c114e71c63878cbe0b9185a2e725e705d94383df14926660cc67479167424e50,Swap,2026-05-22 11:29:10,0.00000053,,3.56665748,-0.00000848,0.00,0.00000000
267472009bc179b0f4a3fe4c23f152b88ded9c8ba141c896fd17c793c5856175,Sent,2026-05-23 12:34:10,0.00000047,,0.00000000,-0.00000047,0.00,-75.00000000
7ca2e53f18e5c5f4deef252f7e70e1fd8694e51490589d889ef1e1bffed1637a,Swap,2026-05-23 13:22:10,0.00000060,,987.75041941,-0.00237255,0.00,0.00000000
74c05a33230d52184c940e132fdd02bf5b19186f06e9449a8d14c48dfdad08d7,Swap,2026-05-23 14:58:10,0.00000067,,484.00000000,-0.00116233,0.00,0.00000000
6a32fbf41654631de40c7e250263867945533cce50fe5ca9859961e420375c3f,Swap,2026-05-23 15:16:10,0.00000060,,-1475.31707689,0.00379167,0.00,0.00000000
4473f074a5be6fe809903514bc4283a63f8431b3c9ae1f4a93de4fe00de37814,Swap,2026-05-24 17:33:10,0.00000046,,8.30000000,-0.00001968,0.00,0.00000000
141fffdcf8b14b98717e8f72a7666904bc4374f436c2433c7f8c2e265cf84ad8,Sent,2026-05-29 19:13:10,0.00000040,,0.00000000,-0.00000040,0.00,-100.00000000
9fa03321594f77f6cbb50f4f26580b7e2deaf9b3a9af184e10f8a9cd613c4f47,Received,2026-05-30 16:21:10,0.00000040,,0.00000000,0.00000000,0.00,198.35530271
0c9898c3d91e516743ded16bd4a2a910ce5b2c308f72e2d4ae73236615e9f03c,Sent,2026-05-30 17:48:10,0.00000040,,0.00000000,-0.00000040,0.00,-50.00000000
415dd2540549addb9cbf2c2de1f0301d3e93d0305362cf49b4af73193d155baa,Received,2026-06-01 13:57:10,0.00000074,,0.00000000,0.00000000,0.00,2.16850201
dd37192d0b2c10c981e9a9d78e68bd28fc6c7949f8bb6670c79470556f0f1465,Swap,2026-06-01 13:58:10,0.00000046,,-8.30000000,0.00002188,0.00,0.00000000
464cb2fce5260ddb2da347abc78267474c98cf0af0b12600f34454b24dc43ca6,Received,2026-06-01 15:59:10,0.00000040,,0.00000000,0.00000000,0.00,71.01265002
7240c51a15237ff2549dc86a10d00d7d273aefea71a1145bc70be0be121fd662,Swap,2026-06-03 13:32:10,0.00000060,,190.00000000,-0.00052488,0.00,0.00000000
6ae1e76be7bbe115295d6512fd7af444fea9d7120a6c4370cc532b23b04cb04e,Swap,2026-06-03 13:40:10,0.00000081,,2277.10000000,-0.00625879,0.00,0.00000000
144e7e349a0a8c225fbc591f6c309c71b098eeda71ea113119e2f21a7dade446,Swap,2026-06-03 14:10:10,0.00000060,,845.03238846,-0.00232025,0.00,0.00000000
83b03d15469c181e621bc2700e0de1266f6b9ec797d3e1c98fbb0b9986cee91a,Swap,2026-06-03 14:13:10,0.00000060,,-3312.13238846,0.00977018,0.00,0.00000000
c2aac3534a6424cc7fb63f7ab29cb4702ae9ed76847b85ab70f4a7fd87208131,Swap,2026-06-03 14:25:10,0.00000074,,90.08000000,-0.00024749,0.00,0.00000000
9f595f2b66c52ec7fe2337ef3609604914a046c7aff3ea874e3893c5799e83b1,Swap,2026-06-03 14:26:10,0.00000094,,7112.45000000,-0.01953484,0.00,0.00000000
a240e1d3f32f9e086e6f6574c3264766ee5ef25b8e7cd9dcfd099436628add18,Swap,2026-06-03 14:28:10,0.00000053,,-7202.53000000,0.02120105,0.00,0.00000000
2a1e3588566ca0a8c46de1cc1f23d7bfc57ebba540784480f10684621141e602,Swap,2026-06-03 18:21:10,0.00000060,,7.53350000,-0.00002081,0.00,0.00000000
fc2d01220980cda731d8172c4b981b8ecd7b1adc9ba722fb69d805f84a50633a,Swap,2026-06-03 19:46:10,0.00000046,,46.21000000,-0.00012845,0.00,0.00000000
24e9abca3d0f3c30dd30ef3ec33f6999f3ba2c7c67ab93e69d2772bf6408a42d,Received,2026-06-03 20:28:10,0.00000033,,0.00000000,0.00030598,0.00,0.00000000
d9491e186299b6c66bd6db80f7649a91a6437598ce5d7488cbc24261411c0d69,Swap,2026-06-03 20:29:10,0.00000053,,-53.74350000,0.00016106,0.00,0.00000000
996d809857a0fd0c457cf87b924aaf8c020df1cdb92cc39ccfaa181152897ebe,Swap,2026-06-03 20:41:10,0.00000046,,8.71000000,-0.00002449,0.00,0.00000000
9a98ee34ab80a6637dd474310e7dec05f6a6234857ca22a2ab5c6a37adccbf99,Swap,2026-06-03 20:42:10,0.00000080,,2.01000000,-0.00000565,0.00,0.00000000
ec0cab08b3d1c10ccd46edb332d6db938b611a0a623befd20d17b07870ed10f4,Swap,2026-06-03 20:59:10,0.00000046,,3.87000000,-0.00001091,0.00,0.00000000
e7c0042f66223ddd88f9505cda85e99053ae98d0fb537035b1118b59d7c26f49,Swap,2026-06-03 21:02:10,0.00000087,,9048.74591310,-0.02544498,0.00,0.00000000
690689dcb505c80656aa78c1a54733b753c073937bd0a4b8705556d0eed7f10d,Swap,2026-06-03 21:08:10,0.00000053,,312.04000000,-0.00087853,0.00,0.00000000
3371168ded9cf3456ffac50775a3d3ee992342101c3a37a3ffe4a47b6356ea74,Swap,2026-06-03 21:10:10,0.00000074,,-9375.37591310,0.02829988,0.00,0.00000000
1e058c9501a88014e1431ba6b782af3c8bb6363d54ddacd8853c0b4e5153adf0,Swap,2026-06-03 21:12:10,0.00000053,,5659.09000000,-0.01591247,0.00,0.00000000
5caf422ddba2d7e16d40ca49b217b58b7d082cb166ee4b24175e9a15cf11b235,Swap,2026-06-03 21:14:10,0.00000046,,-5659.09000000,0.01706257,0.00,0.00000000
7b6f3a0f17d503c61cc82481d49a34c372f84dafc10d9f33484745aa3e4ca6a6,Swap,2026-06-03 21:34:10,0.00000046,,3.97000000,-0.00001128,0.00,0.00000000
034702da29222b2f9dcd284868ffe82fe8cc99ebafd8ede0a8a3f2ee06733311,Swap,2026-06-03 21:39:10,0.00000060,,30.00000000,-0.00008571,0.00,0.00000000
dcf7dda6847cef0fbfef63d439b41cfe59137bf2f24d811fbb05653f463bfdbc,Swap,2026-06-03 21:50:10,0.00000053,,200.00000000,-0.00057179,0.00,0.00000000
51bcf831ecbff0ea1a9658110d6222cf316435b4e147797726e239ed1ae00660,Sent,2026-06-03 21:50:10,0.00000054,,0.00000000,-0.00000054,0.00,-100.00000000
4534aa755e5a4155e25dac046eb12b55383babe8817cd54a82eddfd3ba15fc67,Swap,2026-06-03 22:28:10,0.00000046,,177.52500000,-0.00051049,0.00,0.00000000
27bbb12bafa1335e296001258399871cbe1260b128b2d7122d6fbba2b816522a,Swap,2026-06-03 22:40:10,0.00000067,,-411.49500000,0.00126911,0.00,0.00000000
990bac106fbac4df798768ab184f8e9275034279c34b1467b0ee33c0989f8e63,Swap,2026-06-03 22:53:10,0.00000053,,328.04000000,-0.00095063,0.00,0.00000000
c1b352f22e26e64c8805faa691b71bde37c85869250e286b83a088a97e0d5810,Swap,2026-06-03 23:02:10,0.00000046,,144.81000000,-0.00042209,0.00,0.00000000
55e2d3bb05b76b711169cce6395c07cbb4414f9eef267d2ca6a94f5bb66d0989,Swap,2026-06-03 23:11:10,0.00000060,,3.00573341,-0.00000873,0.00,0.00000000
0f57f110e5fb4067625d064cfbb47697ec3f6b97fe2655d36c963a30ba2f559b,Swap,2026-06-03 23:12:10,0.00000074,,10000.00000000,-0.02908574,0.00,0.00000000
b30cf4a2348b70c5eb311b966778f440b0f7437cabf8ae24924fff256ec40b69,Swap,2026-06-03 23:13:10,0.00000053,,93.10950000,-0.00026992,0.00,0.00000000
1852b3c71bbbed8006488a1584c7aefc97923b35962e34b9025595a90514585e,Swap,2026-06-03 23:17:10,0.00000053,,981.00000000,-0.00284853,0.00,0.00000000
155b9c31df0b95c7d962e6db7aea11fc1030bcaffdb6989d33b4efbe564f6283,Swap,2026-06-03 23:17:10,0.00000053,,130.72950000,-0.00037886,0.00,0.00000000
098e54c590df9e01357824ba3f413d03615b3360d38da546964f6a88f2a5ce9b,Swap,2026-06-03 23:18:10,0.00000081,,53.01000000,-0.00015356,0.00,0.00000000
65c3e19f34e0656ef5b35efdca831b85fdc23e5cbca61daba31db5b08fff3480,Swap,2026-06-03 23:18:10,0.00000053,,100.00000000,-0.00028967,0.00,0.00000000
399fa51bd222b8c2d2ddd52be24d108706f9c24e24f8c96c8332acce22e573dc,Swap,2026-06-03 23:20:10,0.00000060,,2500.02000000,-0.00723115,0.00,0.00000000
e40588ff876928a5266c36073ca6fd1afb08902949afa4b6e1c7c97fbb1ca53d,Swap,2026-06-03 23:22:10,0.00000053,,1408.87850000,-0.00407025,0.00,0.00000000
52901f4af8e4219542d8411da2c1cca534ec9f549194398375709fbc1889136a,Swap,2026-06-03 23:24:10,0.00000046,,95.50000000,-0.00027464,0.00,0.00000000
d07f3968390dc8f29159670b18f4f1d6a657a8e46f7e7bc2500f70b8c35a8b7c,Swap,2026-06-03 23:25:10,0.00000060,,64.63680000,-0.00018581,0.00,0.00000000
0a57d75bbf0e39dc2cf2619bf83592e29e32af89adc07906778d51d6c9bc8d97,Swap,2026-06-03 23:27:10,0.00000053,,2.00000000,-0.00000575,0.00,0.00000000
5db69db219eb4ed341ecc18016f88d4ba39893ae322768d7afba6cd96d8e6c7d,Swap,2026-06-03 23:30:10,0.00000053,,0.00000000,-0.00010208,0.00,7.00000000
04848565da7ce22c5004fcbb29f77d4c5590661baa7e547282763aacefd702a6,Swap,2026-06-03 23:32:10,0.00000053,,0.00000000,-0.00001317,0.00,0.90562563
3b60ba1f2102c16c3e0ac8135cce32875a5e570a70bcc096d0753c7ce282c79f,Swap,2026-06-03 23:32:10,0.00000053,,0.00000000,-0.00159399,0.00,109.51315422
f8522f21a844ba60e5bfe48d7c3417d97634ac1f6e453f9057353682ad73d307,Swap,2026-06-03 23:34:10,0.00000053,,0.00000000,-0.00001583,0.00,1.09054880
0929bd2905a6b992fcddffa27e4c68cd416bc65c8dbee194a0b9228d426deb72,Swap,2026-06-03 23:51:10,0.00000073,,0.00000000,-0.00472568,0.00,327.45379201
c43c0053b67370e53863791c2b375acd727c3fe6141607b7efe4f90d3c9be9b4,Swap,2026-06-03 23:53:10,0.00000053,,0.00000000,-0.00292730,0.00,202.72000000
30ccbde03bea74a1f7eb4d2d39f6979b67a9537d51df7fb3a256aa550c7bc16e,Swap,2026-06-04 00:02:10,0.00000053,,0.00000000,-0.00001984,0.00,1.36829496
2a5887847187fdb739b451ed2ae64aadb3f3f9d3ee06cc650c57d4e0e24b762b,Swap,2026-06-04 00:03:10,0.00000053,,0.00000000,-0.00000230,0.00,0.15904909
1afcaf0327f62d97ebb0563c96661f1b638fca65ddde191a941b4eb77e332dfd,Swap,2026-06-04 00:05:10,0.00000053,,0.00000000,-0.00001483,0.00,1.02728285
802cedf3712b811b8ba36e4d4bd68ba4135d940ed6be2efad4c901cd6ae08a81,Swap,2026-06-04 00:05:10,0.00000136,,-15904.74003341,0.04843707,0.00,0.00000000
5103b9850e6e7754f02bef54f2e044afe09babf07a6d26076985e5862504edff,Swap,2026-06-04 00:30:10,0.00000067,,0.00000000,0.00855519,0.00,-550.00000000
dde26ea5185e6012b96f010533f419990b7067691db7745863363fe0b031c8d1,Swap,2026-06-04 08:23:10,0.00000149,,0.00000000,-0.00065647,0.00,44.66493401
5b265d190c956483a7936b626b9956d47a224ab1f15df02883c796891b9ba760,Swap,2026-06-04 08:27:10,0.00000053,,0.00000000,-0.00801683,0.00,546.26888058
38663417902726c82b2291e29ac2ff5bbbef1482f745549047c28802f67df565,Swap,2026-06-04 11:07:10,0.00000053,,0.00000000,-0.00001429,0.00,1.00000000
887c1f402557ab8332115c6785c05d4097338216f0802bf61802a63139f36ab9,Sent,2026-06-04 11:10:10,0.00000122,,0.00000000,-0.00000122,0.00,-600.00000000
ac556413d7d8b98613a0935676c6f34db73e71030ad122e0bca2022113a9cb66,Swap,2026-06-04 11:13:10,0.00000053,,0.00000000,-0.00001424,0.00,1.00000000
277d8e79db4f59701f99e2984a825981d2de5b67bc885a65d65bf783460794bd,Received,2026-06-04 11:17:10,0.00000257,,0.00000000,0.00926640,0.00,0.00000000
499c50bb3a50aef4968622a12abc055e577a2c8e997ddbc37a88ca13f149b022,Swap,2026-06-04 11:40:10,0.00000046,,6.24000000,-0.00001764,0.00,0.00000000
79fc9943cf1dcf3132f0bfe8dbdc6d49ab1994ef8334b25909e91a367f57f8f0,Swap,2026-06-04 11:44:10,0.00000080,,2930.96540000,-0.00827462,0.00,0.00000000
5daeb7320ebcf08407c667a56b8fd884df7ea60dd753071a1c6894622a748067,Swap,2026-06-04 11:48:10,0.00000053,,-2937.20540000,0.00889245,0.00,0.00000000
130c9897cd766ce7587fc1b27619b998edcb3772f1715374457cfcdbaf4c550a,Swap,2026-06-04 14:08:10,0.00000053,,0.00000000,-0.00015537,0.00,10.75000000
167f7eae34ff4e5634da8e659071239a66d7ea23d6c39a6a2664e1975f122beb,Swap,2026-06-04 20:09:10,0.00000053,,743.07000000,-0.00210448,0.00,0.00000000
620943772d335a1f5a2eaa67d5b73ee704c81622080144d053b36224d31d6cd1,Swap,2026-06-04 20:09:10,0.00000046,,494.73000000,-0.00140114,0.00,0.00000000
3892b079b6d216aa703c6bc14ce572dd2f43f42ac441967d7a830b4fd69d8b59,Swap,2026-06-04 20:24:10,0.00000053,,-1237.80000000,0.00378224,0.00,0.00000000
949af82e3b7ac02d0f82415e984c243a51087b78f4514afeefdff51d6c67b06c,Swap,2026-06-04 21:00:10,0.00000046,,495.51000000,-0.00140335,0.00,0.00000000
67506aa0403368c53675c94b1d2ca0995cec1badba98c24117564ebfa5b1afc3,Swap,2026-06-05 10:21:10,0.00000053,,156.81600000,-0.00045266,0.00,0.00000000
c9d3903930aa77329088a5199fcb30f3232b8c419c074936c50586199225a23e,Swap,2026-06-05 10:22:10,0.00000053,,-652.32600000,0.00201532,0.00,0.00000000
fb472f37df2f9761f4fbcd8bf348db3c49fb09766cca2818e1326b43ecfb718c,Swap,2026-06-05 11:09:10,0.00000060,,283.22880000,-0.00083180,0.00,0.00000000
829debaab6e9d3d386ea21ff3eb80225de29c470b9437c65b3f6a36a2e47691f,Swap,2026-06-05 11:09:10,0.00000046,,193.41000000,-0.00056730,0.00,0.00000000
b269f40ba78fabad586515f191277f445b8698add0aa339d93fb912be737911d,Swap,2026-06-05 11:09:10,0.00000053,,1079.20000000,-0.00316543,0.00,0.00000000
772e997f05fb125694c110eab466c3d1f566b374795e1b16b2ccbd1d072e21d7,Swap,2026-06-05 11:20:10,0.00000067,,840.99910447,-0.00247770,0.00,0.00000000
b9203499703e54637f0b175d7629ada6a12c812b7f9a7f26b108d313d86b78b9,Swap,2026-06-05 11:20:10,0.00000053,,186.22850000,-0.00054853,0.00,0.00000000
194255430f72ffea7d5666d5c3158cd63684009ea88ddeeb8155d815e374d86c,Swap,2026-06-05 11:20:10,0.00000046,,486.50000000,-0.00143330,0.00,0.00000000
f54d9073f3e736d2f55f7ddca812f0cbe78b6c78dd2b64ffd0674519abcaa707,Swap,2026-06-05 11:25:10,0.00000094,,-3069.56640447,0.00970879,0.00,0.00000000
a62de4ab80e87fca8d29566840b6cb1c2218082613750303d56b94b499c03185,Swap,2026-06-05 11:25:10,0.00000053,,5.00000000,-0.00001473,0.00,0.00000000
de47c3aec3d85c8c0765e56fd400d451efa82cd12852f7a76de940ab3491de7a,Swap,2026-06-05 11:36:10,0.00000060,,1201.67774769,-0.00354822,0.00,0.00000000
58221aa81d270d8b11d31bbe2c56564fc4963a7af86e819e2cf03b2d900cfa1d,Swap,2026-06-05 11:38:10,0.00000053,,-1206.67774769,0.00379621,0.00,0.00000000
24295ea83564b1904f1ded0c4f80e96f8f7216633b863916fc18d0023eb3c372,Swap,2026-06-05 11:41:10,0.00000046,,499.01000000,-0.00146467,0.00,0.00000000
63de11f6e720f56414886e8279b0f1e8a0b1457935b089431019bda0f4ee3dc8,Swap,2026-06-05 11:42:10,0.00000060,,717.30000000,-0.00210539,0.00,0.00000000
2f1cf6a58b1ed616fc9d92aff0003afe8a759cdc4466b070ceb0f789956be94e,Swap,2026-06-05 11:42:10,0.00000053,,618.82000000,-0.00181601,0.00,0.00000000
3d9f42ebddc2446e2e5fa05a4f1cb53daf09551078437749950bd3ed1158a6ee,Swap,2026-06-05 11:46:10,0.00000046,,193.41000000,-0.00056911,0.00,0.00000000
8cbe1fb0ea7941a318c0a6837219aceffb87ffbed1485033e3981aef1ed0caac,Swap,2026-06-05 11:46:10,0.00000067,,-2028.54000000,0.00637500,0.00,0.00000000
32e36a117b96190d06e56821a5acb3a99cb7b20492b3b7d3291a093ee86edb0a,Swap,2026-06-05 11:53:10,0.00000067,,970.52000000,-0.00284650,0.00,0.00000000
ff34001c40edec73a4dff56e8decf968b94109de682b2a0222d69b662bb21ddf,Swap,2026-06-05 11:56:10,0.00000046,,-970.52000000,0.00306813,0.00,0.00000000
07c76cedb1ef80a7a1dbf08f49f22e1f4a0d2cb08b0a8e788bee68bb89d597e0,Swap,2026-06-05 11:57:10,0.00000060,,451.90000000,-0.00133169,0.00,0.00000000
3321dcb379f74a6c66f13025e0a567af0ead1fd33369642dcffaa5ad4826cda8,Swap,2026-06-05 12:01:10,0.00000053,,30.00000000,-0.00008814,0.00,0.00000000
9191acb32b951cd9d537a4906d466d040a8863473f96cd39f7e2950a1c92a02e,Swap,2026-06-05 12:07:10,0.00000053,,-481.90000000,0.00151782,0.00,0.00000000
6e705d1d5f9936855a68eaf9c521bfe9b5f0e5023ebf01781e0934b006429852,Swap,2026-06-05 12:18:10,0.00000060,,1124.29100000,-0.00330757,0.00,0.00000000
33105185d29f5dc99e595678893192c12672f327af52fe2b14bd232380e45b86,Swap,2026-06-05 12:20:10,0.00000046,,-1124.29100000,0.00354319,0.00,0.00000000
16d272d0041dd35110ea0cfb9c7e0f31e7393065f9af1b9d94ae287dc5407947,Swap,2026-06-05 13:01:10,0.00000053,,0.00000000,-0.00008096,0.00,5.32664095
863e1b0e8e5b38192fb1e4e91dd84439c46834ce260af5438903d0e532faf7be,Swap,2026-06-05 15:45:10,0.00000080,,1013.18610000,-0.00302055,0.00,0.00000000
4be13942b88d4ef218377c340d3312cb56cef35da41252de5d7ad9ec3d982196,Swap,2026-06-05 15:56:10,0.00000053,,1409.80950000,-0.00424065,0.00,0.00000000
36248136c166acf7cf1c7d3ffe68914fb4f82ca920240000e340e8cd6c8fe8c3,Swap,2026-06-05 15:57:10,0.00000053,,4924.01000000,-0.01481123,0.00,0.00000000
64f8c6071997fac7031c3859e72706f1b400cd74cc29093545e9e20bbc67bb88,Swap,2026-06-05 15:57:10,0.00000053,,93.10950000,-0.00027887,0.00,0.00000000
0122fdc84cd62191736c4b883421026ac76bbe90d2347d3845a081dfcfa7b2c1,Swap,2026-06-05 16:00:10,0.00000074,,195.01000000,-0.00058440,0.00,0.00000000
c6ef6b61b1cb321c9d9ff62297c461b4d65e7d4ad539bd5c3ee579c9562cc25f,Swap,2026-06-05 16:01:10,0.00000074,,-7635.12510000,0.02450161,0.00,0.00000000
d49ad398df95cbfa9bfc2b6905d5239ddbb7376e3e57997279116989c3931456,Swap,2026-06-05 16:09:10,0.00000046,,193.41000000,-0.00057987,0.00,0.00000000
da9e8872d61a810a6f8e329338f8bc3b8f9f274bc2060b9bfe21350a87159fbf,Swap,2026-06-05 16:12:10,0.00000053,,234.18450000,-0.00070080,0.00,0.00000000
9c76763b4f6f58b81172215098e88b64b2c7ce4c5796ca8b9ed50ced2ad601e2,Swap,2026-06-05 16:24:10,0.00000053,,-427.59450000,0.00136786,0.00,0.00000000
28af9b2a8003ec2035745a59877f68b2fc11ab50830025538d8deea346405b3c,Swap,2026-06-05 16:27:10,0.00000053,,8.46450000,-0.00002521,0.00,0.00000000
3447847574222daf33dd43a3ee1a982329a37bf0b46bce16803c4fe63864c77e,Sent,2026-06-05 17:15:10,0.00000033,,0.00000000,-0.00000033,0.00,-1.00000000
fd22e50ef0f46da06acb87af5fb3fd600417b9d1d8f6d329eb717e4fcea8dc0a,Sent,2026-06-05 20:01:10,0.00000095,,0.00000000,-0.02000095,0.00,0.00000000
4bd32ec08df1ece3c6418e5fa117d0e8d721733fe9e3041318da715caff7b08b,Swap,2026-06-05 20:02:10,0.00000067,,-8.46450000,0.00000000,0.00,1.54521623
1367a4de98d1f5ce803ec6b9d930b71980d8b78796e6990400787bd65f456850,Sent,2026-06-05 20:03:10,0.00000060,,0.00000000,-0.00000060,0.00,-560.00000000
62b437e642b79d464132ec00695406b6880bda3673e125a25ff0ced87c941114,Swap,2026-06-05 20:35:10,0.00000046,,682.43239128,-0.00198895,0.00,0.00000000
f7b5a5c62e0ac736e43a6f00a4b4b3a390d8e5d534d1441b4492ef4614a1a73c,Swap,2026-06-05 20:43:10,0.00000046,,-682.43239128,0.00212758,0.00,0.00000000
a045c138b469ff582154011ffb6a5a26d06dd2f33a00f9f86da2182ba37ab2c6,Swap,2026-06-05 21:28:10,0.00000046,,69.99000000,-0.00020188,0.00,0.00000000
dfe74b95eff046ed286ca38f7c0c535a56b0b14e2ec018d00d6810fcb0487d4d,Swap,2026-06-05 22:34:10,0.00000060,,1881.31817651,-0.00542345,0.00,0.00000000
b4dde8cda4e5954f755ae994fede4d71c87d472e9b262f9f759172b331136144,Swap,2026-06-05 22:45:10,0.00000053,,-1951.30817651,0.00605470,0.00,0.00000000
23144b99a80a8455b1d6d07153f105195d15bf8e0a7cdffaf4230c5d965470c1,Swap,2026-06-05 23:34:10,0.00000060,,615.00000000,-0.00178102,0.00,0.00000000
3e1263fd61192ce8f1fd592d9245549542bf8ee9fe7e58f12e6db33f93c3b316,Swap,2026-06-05 23:35:10,0.00000053,,298.02000000,-0.00086436,0.00,0.00000000
a42e3fcaa29822dacbdaa3319654142dea258f0e503ffae76ad507aa66b47cd1,Swap,2026-06-06 00:15:10,0.00000053,,484.00000000,-0.00140360,0.00,0.00000000
f57f28291fd8cca8ef090198a71644959f0a4f2eb797f476aa880bfd5f0e008e,Swap,2026-06-06 00:18:10,0.00000060,,-1397.02000000,0.00434847,0.00,0.00000000
426768c73eadb8b6e2bb9c5aaecb50ded349aeefcf065f0dd3121bdeef1683f1,Swap,2026-06-06 00:45:10,0.00000067,,0.00000000,-0.00001513,0.00,1.00000000
12f1b461817bd9c497e66c0920f2022aec9684c694649fbe0d5108ff79a63121,Swap,2026-06-06 02:48:10,0.00000053,,0.00000000,-0.00001508,0.00,1.00000000
7626a80e03ae1e8eda106f2d59562aa384a0799949cae14e5c8f4c9e5ddc59fd,Received,2026-06-06 14:10:10,0.00000047,,0.00000000,0.00000000,0.00,339.31476365
735fadeea5f8a9efafb2031bd80f19b94365764c5ebc3c800320c87d108fc017,Sent,2026-06-06 19:00:10,0.00000060,,0.00000000,-0.00000060,0.00,-100.00000000
fdb075ec0a84153f541365b7bc44042592653770a0405467bf25d9366e72de80,Swap,2026-06-07 21:08:10,0.00000053,,925.03000000,-0.00257834,0.00,0.00000000
d5ed246f189ff491ae05844bb9f9e51070040bc247f10f6d555bf2b3afa11f68,Swap,2026-06-07 23:42:10,0.00000053,,499.01000000,-0.00139467,0.00,0.00000000
0c1f37416c6c63dee911debd10319cdf1bb7a20c5a1c1b58d9813476bb6c2745,Swap,2026-06-07 23:42:10,0.00000046,,-925.03000000,0.00277373,0.00,0.00000000
74ecc8ea83abd50f11863d01ce07e007f3e51846ca6bc7d431aa9f8d9b830f64,Swap,2026-06-07 23:48:10,0.00000046,,13.41000000,-0.00003751,0.00,0.00000000
01e28532a8151c89351b36d07928cb2e44854c79b437062114f9ce970c56416e,Swap,2026-06-07 23:51:10,0.00000053,,-512.42000000,0.00153668,0.00,0.00000000
54f3809f8dee54059e841746fe81ded970b4a992fd0dbecbc8daac70ded95348,Received,2026-06-08 08:43:10,0.00000033,,0.00000000,0.00000000,0.00,60.08142601
597bf75382f388e08aaefdfecd0ef04e20a8bd8f6b50ee9b27a0f6976a8304c1,Sent,2026-06-08 19:10:10,0.00000026,,0.00000000,-0.00001026,0.00,0.00000000
709d7581350ba1fe71889619bb828033b5032c55d8152f353481564ea955b71d,Received,2026-06-08 19:13:10,0.00000033,,0.00000000,0.00000000,0.00,42.34282455
21f5b9b15add6f1b6d7b6e32a1ac7af61bee36e03bdbedbad123533cb5bc87af,Sent,2026-06-08 19:15:10,0.00000047,,0.00000000,-0.00000047,0.00,-100.00000000
f4637836548046d95a5775924349848082ad9cc9c88758745aa346826f9a1514,Swap,2026-06-09 06:38:10,0.00000053,,17.27835620,-0.00004877,0.00,0.00000000
7fa7151fd44163aee46ae76f839df98dffa6c892af763250c01f6df5f3079a30,Received,2026-06-09 10:09:10,0.00000033,,0.00000000,0.00000000,0.00,43.97135817
7f768aff16d88990072e70e5da28831d372556ef3ce40498bd7021420ed307b9,Swap,2026-06-09 12:50:10,0.00000053,,4.63000000,-0.00001339,0.00,0.00000000
f4c234bece31b0e9e2d82a243c4c89458f23a6aa332a6ef1ee3f69d9bc59cd78,Received,2026-06-10 17:53:10,0.00000033,,0.00000000,0.00000000,0.00,17.49877795
d68cde045ed1c90000b990bcb7de399b978120c5695a8e7ed68eea632f86f332,Sent,2026-06-11 16:17:10,0.00000060,,0.00000000,-0.00000060,0.00,-100.00000000
ab05bb5b063818b32a2773fc8e309f1a3566614bf31b4e3a356c5139d3a33567,Swap,2026-06-13 11:46:10,0.00000053,,-21.90835620,0.00006533,0.00,0.00000000
f8ea69954b7656488e0a5e9a152377e6a55487ceedcdd61be9fe95cd6ccd7c40,Sent,2026-06-18 10:03:10,0.00000026,,0.00000000,-0.00001026,0.00,0.00000000
cb94d3c8828e4d03492e5faa8df4e2551921bd103bbd7a0cb939c6bd4cf83a9c,Received,2026-06-18 10:05:10,0.00000047,,0.00000000,0.00000000,0.00,1.02313024
4a2eb40db2a7633afaafb1e13741a6bdf9f68ff99eab59edfbf8d002c419bb73,Received,2026-06-19 16:16:10,0.00000257,,0.00000000,0.01119952,0.00,0.00000000
6de9673473ae89a42ae90715fbffe551d918950c2d7c94169bfb497925cd355c,Received,2026-06-21 11:58:10,0.00000020,,0.00000000,0.01999980,0.00,0.00000000
1abb923e61f5b519b8103740e9655c2c36d8812e519c2f1637c12829cd79653d,Swap,2026-06-22 17:20:10,0.00000053,,12.00000000,-0.00003566,0.00,0.00000000
67a264cbada02b4e78cbff84fc14619b4990774b6a4d30f61ab627f584b895e4,Swap,2026-06-22 18:00:10,0.00000060,,1500.00000000,-0.00446458,0.00,0.00000000
7aacd0a3cfa828117aed9ac5c57797b86794d6ce6abe907252a33b7e7ac36c29,Swap,2026-06-22 18:00:10,0.00000053,,50.00000000,-0.00014874,0.00,0.00000000
8b3919040ec68ab46cbe36cec01d4d2855a55f44bcf58ceeebf878fa06d7a1fa,Sent,2026-06-22 18:16:10,0.00000047,,-1562.00000000,-0.00000047,0.00,0.00000000
1197865c6a672f7a7785ed2f2f4cb88a36810f7cee3cf7adae2f566c650ca3d9,Sent,2026-06-23 13:16:10,0.00000047,,0.00000000,-0.00000047,0.00,-100.00000000
682bf81a3e24585ca2010719450e8e5e2dc8383c85be8e3058bb281062fb94a0,Received,2026-06-25 14:25:10,0.00000047,,48.20275882,0.00000000,0.00,0.00000000
396755774c04fa8b9bd8d20179a2bac19688e468ae8987cf531b2c5e990a465d,Received,2026-06-25 14:25:10,0.00000065,,0.00000000,0.00000000,0.00,35.34267253
e689ba18f199e2a1b6b24c8552e309de7b369ab2373a96617b00e30c558f8bef,Sent,2026-06-25 14:28:10,0.00000033,,-48.20275882,-0.00000033,0.00,0.00000000
0320b324151734b821c15a25cad4af367ddf00441f68c0383b82690aed2a1730,Sent,2026-06-26 21:09:10,0.00000047,,0.00000000,-0.00000047,0.00,-100.00000000
8390132658354608bc1dd941b94f9f7628e65d6dcea024d2e076917c08d0e874,Swap,2026-06-27 16:39:10,0.00000053,,7.53350000,-0.00002190,0.00,0.00000000
e3a6b0bbf693db60e00f012e36f3ffcd5cb9b7c0038c3e216acab7d47de3158a,Swap,2026-06-27 16:40:10,0.00000046,,48.00000000,-0.00013941,0.00,0.00000000
c3c58c536f879c8cfec85c3d87ce12906c537dbcdeb70ebf9b1c9014e246ed86,Swap,2026-06-29 10:22:10,0.00000073,,650.36080059,-0.00204231,0.00,0.00000000
b2ef9609f5887621acd0abecab7e6fa37046eca83fa30a5975b8f5a8287a4dcc,Swap,2026-06-29 10:24:10,0.00000046,,984.80000000,-0.00309536,0.00,0.00000000
dffbfee6a549dc0e26694e98119667818d24e90e4ec2275609dd58ee33ed89af,Swap,2026-06-29 10:27:10,0.00000246,,18.61500000,-0.00005870,0.00,0.00000000
5d3793b6d946be77f13bbc91d843c43834b8fd9bf2ccb200efe0003df2680652,Swap,2026-06-29 10:32:10,0.00000053,,9.64000000,-0.00003035,0.00,0.00000000
3ae5eda5f795f578aba45912d3b990d61ab5584d3be70c2631086e62e9c7a382,Received,2026-06-29 10:34:10,0.00000083,,120.56797254,0.00000000,0.00,0.00000000
52944662d58a6291a3d71e9d154729aaf7706a628814d5945c69f8133447a16c,Swap,2026-06-29 10:37:10,0.00000115,,5890.00000000,-0.01857463,0.00,0.00000000
a6c9cbbabc287c3d5c8a24acffa207e102067f628f0124e45a4d7b9717cc0db7,Sent,2026-06-29 10:41:10,0.00000088,,-2170.51000000,-0.00000088,0.00,0.00000000
beb143398030097d52ee94258fcc0ffec2e72b787a1ba0e0d44701ff2a3ff0c6,Sent,2026-06-29 10:59:10,0.00000040,,-509.00727313,-0.00000040,0.00,0.00000000
58c77fb5578bec0ada8ca066395d5b7fd08d8b7a3fde4df510cabd1b6be6bbd1,Swap,2026-06-29 11:00:10,0.00000067,,2.31828605,0.00000000,0.00,-0.50000000
efffe6e4bfd9a4b282bb184b0b66e6279612c8e1a39ffb0a57e1829d4b24acad,Sent,2026-06-29 11:01:10,0.00000047,,-5050.51000000,-0.00000047,0.00,0.00000000
8c6706cd061de2a1a7b51f539db6a69d8ce624c60dc8ef0aadcf55a4e1fdd20b,Sent,2026-06-30 11:55:10,0.00000026,,0.00000000,-0.00001026,0.00,0.00000000
e0a19bee33a424f1ea8d9f176e6a64063749b19e051c33ba86d44f70f0788e34,Swap,2026-06-30 17:54:10,0.00000053,,0.00000000,-0.00017004,0.00,10.00000000
b36511449c59ad7cd5f7a6a174cfcd2eccc76c5fa12d8254936741235ace5161,Swap,2026-06-30 17:56:10,0.00000046,,28.44300000,-0.00009113,0.00,0.00000000
1b68dab0da38f7da42b71d41041cf855a7c0d23fd36f43a118c67cefeaedcfdd,Swap,2026-06-30 17:59:10,0.00000053,,0.00000000,-0.00016970,0.00,10.00000000
706955550b3262977ae0a2fda557e9144c29e0284ad9b758666e10a266b2559f,Swap,2026-06-30 18:00:10,0.00000081,,48.84462400,-0.00015663,0.00,0.00000000
ab1e1c5b38e13286484e18b3610a7ce9ea0f90a71edd93c92c5b27eebdfa87cf,Swap,2026-06-30 18:00:10,0.00000053,,35.97999999,-0.00011537,0.00,0.00000000
fec26d9fc5cbf12bf8ebe38175deee2b587ec191f83abc36e3e0edc13725283f,Swap,2026-06-30 18:00:10,0.00000053,,0.00000000,-0.00091800,0.00,54.00000000
7706b191c60acc0d53903378fc0e39af64ce82946f30c2c047cca07e2c7fee7c,Swap,2026-06-30 18:01:10,0.00000053,,0.00000000,-0.00016979,0.00,10.00000000
6fd84591ab201ce16a04627d4a59d5fea73653461b95eb8b88aeaa73efc135be,Sent,2026-06-30 18:07:10,0.00000054,,-115.07591004,-0.00000054,0.00,0.00000000
f464c4320375461d4a53a3a8586778f10df90cd4b15690d2efb9085b63272b8f,Swap,2026-06-30 18:20:10,0.00000053,,93.10950000,-0.00029886,0.00,0.00000000
f62173413ea1db23ee85bab174df85b1ba37776b640168303f3cb5ce91c59985,Swap,2026-06-30 18:21:10,0.00000053,,1824.61000000,-0.00585654,0.00,0.00000000
613fdcfb7959c4abc06f5eb2420810803e66b35b2c2981b3e04aba2a4fa2acad,Swap,2026-06-30 18:23:10,0.00000053,,5.05999999,-0.00001621,0.00,0.00000000
6e6cc3e3bc2d6d94dc5402014071b9fa5ad4e762bd062e5960c9a0623b49ac32,Swap,2026-06-30 18:24:10,0.00000053,,0.00000000,-0.00000787,0.00,0.46095894
bbf3a8ca179171fbadb95ce4161d825cea4f457ba3eb4955356cd22d73c1be6c,Swap,2026-06-30 18:28:10,0.00000046,,0.00000000,-0.00005544,0.00,3.25817859
b61a60317f7f9ee3c0eaa8a72e9333e5c10b8b9ed26f3155b7e2d0be12abeb47,Swap,2026-06-30 18:29:10,0.00000060,,0.00000000,-0.00028987,0.00,17.00000000
472a6b1e017a762bb23e1b8c522e36372e4e67488904ba2f2d406a1353ec4198,Swap,2026-06-30 18:30:10,0.00000074,,29854.79967902,-0.09569322,0.00,0.00000000
49638ff472662d2522a3f20af95fe89cf91a716c8b8f24b67eb72106a8a425fc,Swap,2026-06-30 18:31:10,0.00000046,,4914.01000000,-0.01573869,0.00,0.00000000
945e6af0f0f0b3e084387f03edd4307e8f3bd8850a02bc0d24f4294d2bc78210,Sent,2026-06-30 18:44:10,0.00000061,,-36691.58917901,-0.00000061,0.00,0.00000000
f44692246c0f02a5a4b4736a673ac445f781474a348b1d4d74a0be3bf7bbaa5f,Swap,2026-06-30 18:52:10,0.00000053,,4924.01000000,-0.01576320,0.00,0.00000000
ec33c70aae75f56b5f1d1467585124444d6f2bb7806cd80823661e9e385cb551,Swap,2026-06-30 18:53:10,0.00000046,,23.81000000,-0.00007622,0.00,0.00000000
ed629ab00715d44890d757e8cc78ed152b68f4b12996c54a39e03bc773d12a9d,Swap,2026-06-30 19:03:10,0.00000046,,4461.48000000,-0.01428251,0.00,0.00000000
7ee4e8800d21c460bd01d7f90537b533507c0da9c1b81b43297f58a456b21d2f,Swap,2026-06-30 19:04:10,0.00000046,,1461.50000000,-0.00467869,0.00,0.00000000
79b700812c617dd89d2415feeead6de295ca67bd9ba53ea8ab8b15d37a6929c4,Sent,2026-06-30 19:53:10,0.00000054,,-10870.80000000,-0.00000054,0.00,0.00000000
e6f687802cf19c5fef423d384f1628e0f5cad7e7cd6e6f23d5d92f08ac800162,Sent,2026-07-01 00:11:10,0.00000026,,0.00000000,-0.00001026,0.00,0.00000000
b7d3f9412ab716b91ff34fa27bc983fe8584ec1b8502c36d2253b4a1dc92170f,Received,2026-07-02 14:16:10,0.00000033,,0.00000000,0.15108022,0.00,0.00000000
4da8a9cf1aa4dfca611735352a6b6a1ded11c6e2e66a5874ad4eb071e83fc371,Sent,2026-07-03 13:09:10,0.00000081,,0.00000000,-0.00000081,0.00,-75.00000000
489884471059cbd4188f6bbf97949d63bd2b65768228831e2b92a3c282aaa076,Received,2026-07-05 17:23:10,0.00000054,,0.00000000,0.00000000,0.00,44.17869987
3c2502ef14d4cf66fcda2bbff9024901e82dcf53ccc1e384ca738f75372da013,Sent,2026-07-05 17:26:10,0.00000054,,0.00000000,-0.00000054,0.00,-75.00000000
dffd4e8127eeb4a7d5e8a1335a98cbfa40536e25840aade50e2f772f64c01e55,Swap,2026-07-08 11:22:10,0.00000060,,4889.65950000,-0.01357656,0.00,0.00000000
f220f11cde890abba179ba4bbcbc9af80a2e03dbb6be0b7cba11128e1052084d,Sent,2026-07-08 11:23:10,0.00000033,,-4889.65950000,-0.00000033,0.00,0.00000000
261fbf89939c52fd121acfdb88b2bf173ae66cd5d58771a8222183325f5a8313,Sent,2026-07-08 14:39:10,0.00000026,,0.00000000,-0.00001026,0.00,0.00000000
24f359fbb2aee4cdea0657674283621ac87c4b938b96c462f3b76be0d5fa9cef,Swap,2026-07-09 09:15:10,0.00000067,,16.25000000,-0.00004512,0.00,0.00000000
2f51d89a3ab7eb7be7ee6346c65c6c3f6e920de831e44e11434172b3ac5f7a05,Sent,2026-07-09 13:43:10,0.00000026,,0.00000000,-0.00001026,0.00,0.00000000
87b26a100b523e1245eaff018e4be6322536367aca003d69c498652bb2bb9ee2,Sent,2026-07-11 19:14:10,0.00000026,,0.00000000,-0.00001026,0.00,0.00000000
8f7c517e18a2367979f36c2281c2f69756a63bcba75a10f1e973fbf954c09c23,Swap,2026-07-11 19:16:10,0.00000046,,-16.25000000,0.00004735,0.00,0.00000000
c993b1cec46b993cb2e4589474ba57657a7da340a137a0f2c7cab5f5c20dccf9,Swap,2026-07-15 10:09:10,0.00000053,,12.02350460,-0.00003348,0.00,0.00000000
36df5571a3c67ca09c70a129bf444d69f5dc920f80c08e55470c36da56c96b19,Swap,2026-07-15 12:50:10,0.00000053,,1.00000000,-0.00000278,0.00,0.00000000
041a57c6643ba162d0b473631f2c9ec08fb07ccadf6355a4aef78cefc4db4dc7,Swap,2026-07-15 20:00:10,0.00000060,,199.00000000,-0.00055413,0.00,0.00000000
1bd1dfc88de01abde237d6b61cc4f07dcbd553e9c8f10e01139c760f62698c5b,Sent,2026-07-17 19:57:10,0.00000047,,-212.02350460,-0.00000047,0.00,0.00000000
23af0e4092716d68fc4b271fd3a2bc1e55eda588c3ac264c5fd1697c8ff09680,Sent,2026-07-19 18:54:10,0.00000040,,0.00000000,-0.00000040,0.00,-40.00000000
9d349ed992eef852787eeafb3cd47f15c5f21086ff4e8c6439960347c5fcf004,Sent,2026-07-21 14:09:10,0.00000026,,0.00000000,-0.00001026,0.00,0.00000000
3b1094c8a6e0fc5a8f6538ad44fa7d17181f47a6122ef1b6826a0ed8b3f8d2eb,Swap,2026-07-31 11:54:10,0.00000067,,276.97100000,-0.00075763,0.00,0.00000000
7fb0e256a1c4318b4db1cd4759acd5bbcfd124d57c3e3a4d69baee2458b656ad,Swap,2026-07-31 13:16:10,0.00000046,,193.41000000,-0.00052906,0.00,0.00000000
391225849216b063067caa0757cfcc4d4c4f4626b3c2ffa94a7cfa760c867454,Swap,2026-07-31 13:33:10,0.00000046,,96.21000000,-0.00026317,0.00,0.00000000
b380e9f40defce6b56c2efc6e5ea26fe831b17ae96b50891802cc1024296cd5a,Swap,2026-07-31 13:34:10,0.00000060,,-566.59100000,0.00174151,0.00,0.00000000
069e7e9f21218a85e9da3a26fc6a9f4fcad83e55c46f84460eac989e543dd2aa,Swap,2026-07-31 14:26:10,0.00000053,,1.10000000,-0.00000301,0.00,0.00000000
4cf04e5732c1bb78b6b61ac3cdbc926aa0b3316e7bea58a93fbb1ffafacd66f9,Swap,2026-08-01 15:32:10,0.00000060,,206.26000000,-0.00056421,0.00,0.00000000
986796ae040c29c9e0cca53e11653eb1f455f2bed2ea813d762cf27d6763e843,Sent,2026-08-03 17:25:10,0.00000026,,0.00000000,-0.00030000,0.00,0.00000000
3662aeb59f5cc2ffd875127230c32123ea62bc10596526d2d49a7cd3ef0e1c27,Sent,2026-08-03 17:38:10,0.00000026,,0.00000000,-0.00030000,0.00,0.00000000
f0ee2494ec1f68f4ce677fed29eab0270815819887be48bfe484e4c7ed2eb40e,Sent,2026-08-05 14:38:10,0.00000040,,-207.36000000,-0.00000040,0.00,0.00000000
7f1458e4dc2348ab022a67f7c935170aee3b106d221a9a10f27c8a019508e108,Swap,2026-08-05 16:27:10,0.00000046,,0.00000000,-0.00028032,0.00,18.21783193
7400bae33c6246332b9ee42db884f87d6515c8968e97bc8b88954209637a9c4f,Swap,2026-08-05 16:46:10,0.00000053,,0.00000000,-0.00014817,0.00,9.62561548
5d717421b0f1f5587a35a0c66a510be6eb8071c48b09a93e1c6bcad28c92139d,Swap,2026-08-05 16:59:10,0.00000053,,0.00000000,-0.00007695,0.00,5.00000000
f8940d2699698e2aa5734f03cb6d374b06e422ae1c6f00d86a9078d2badf5c18,Swap,2026-08-05 17:12:10,0.00000046,,0.00000000,-0.00120957,0.00,78.56528744
69139d0f33d21d896735c6ea5c579f396bf03b0d98f2fb5c3e2c52d7abafdbef,Swap,2026-08-05 17:15:10,0.00000046,,0.00000000,-0.00002502,0.00,1.62534770
d84693868a834772bf7b9ed6829da302092d8839b9766f0dde68b3eede855ecd,Swap,2026-08-05 17:28:10,0.00000053,,0.00000000,-0.00075466,0.00,49.08374831
7f1cef49202716a1fc325ffd65b94572892d35706a821461b657c462b819e70f,Swap,2026-08-05 18:15:10,0.00000046,,0.00000000,-0.00002366,0.00,1.53406186
1421dc8b2ea5e1bf6e1a0b7ff375ba0362fe68f89b63e3c412ec00b36671d918,Swap,2026-08-05 20:14:10,0.00000046,,0.00000000,-0.00011906,0.00,7.72049000
9644a03d8672f1bd9b6df5105f7020d18211ab9696fdee54cb3c1a86c93ace99,Swap,2026-08-05 20:46:10,0.00000046,,0.00000000,-0.00251527,0.00,163.01285593
7f54782bdb208904e7869bbb72a0c4013e73f39a9adbbf5629e26c06507652d4,Sent,2026-08-05 20:50:10,0.00000102,,0.00000000,-0.00000102,0.00,-300.00000000
d0978cb130fe77a0e99e88ceadbd2bee74c33f5131bc1657487dd74d7d56e64d,Swap,2026-08-05 21:06:10,0.00000053,,0.00000000,-0.00121283,0.00,78.57048149
1c3493454fa67f55296ba6da113202913712e2e780deefcd97bb216e90e10cf1,Swap,2026-08-05 22:38:10,0.00000053,,0.00000000,-0.00673234,0.00,436.00000000
9ff798a0a5b6f07b374c29d5a75c0c0340bc849252da5ec646e73470e91503d3,Swap,2026-08-05 23:14:10,0.00000060,,13.54000000,-0.00003744,0.00,0.00000000
df5a2fdecf9525a645bd167e8539d7b35081b1063fd6569e6952ca8df7f01d07,Swap,2026-08-06 00:29:10,0.00000053,,0.00000000,-0.00001206,0.00,0.78000000
2b13542690249092ae491d6b01c71946c880b259f311233587716aa6fb8cacc5,Swap,2026-08-06 00:46:10,0.00000094,,0.00000000,-0.00432894,0.00,279.87807125
84cf2449a6377e5076df51fbd7045407cdf557153db0cd38aeaf56b94f0afabc,Swap,2026-08-06 04:08:10,0.00000053,,0.00000000,-0.00261451,0.00,170.00000000
6c2714c6d84dd328d2059a4186c4e9f19e116d56a2aad5357720252a63ec77a8,Swap,2026-08-06 04:30:10,0.00000053,,0.00000000,-0.00000769,0.00,0.50000000
87cca537c5b6551579660036558973a8222fca224cdaddf2f0bce56d4e87c33b,Swap,2026-08-06 06:33:10,0.00000053,,0.00000000,-0.00033162,0.00,21.49451824
43ebb28732eb5e5611747ee0c50f60a1fc77e9bbe02aa191289f72164da8e91b,Swap,2026-08-06 06:48:10,0.00000053,,0.00000000,-0.00001317,0.00,0.85395261
1a9b765d42c80276bc06b53de8c51dce4c1794d6a5c525b8ed0112a1b61894b0,Swap,2026-08-06 06:55:10,0.00000053,,0.00000000,-0.00002084,0.00,1.35152137
ddabf1ce786767a99d0b9bdf85795251a248c8346f84fd7e55c3c57994762961,Swap,2026-08-06 07:36:10,0.00000046,,0.00000000,-0.00266351,0.00,172.64626334
2593e38fe1e9e24c31fd583a40062db74b29efdab1f6db927c20aedb68e05611,Swap,2026-08-06 09:34:10,0.00000073,,0.00000000,-0.00434866,0.00,281.29905412
6ee36e05423ae52fad8f74cd94a4fc90111c1f79faab90e7fb9280fc45b2f289,Swap,2026-08-06 11:51:10,0.00000067,,7.32000000,-0.00002032,0.00,0.00000000
57ca0a35a875b6b8049becf6a5efdd97fa422952b1b6b05636d65d645171aef3,Sent,2026-08-06 14:57:10,0.00000115,,0.00000000,-0.00000115,0.00,-1405.00000000
c62b174ae80076117a484621cde9b725828a26cb397d2c0af1685793b40e7ab4,Swap,2026-08-06 23:27:10,0.00000046,,0.00000000,-0.00000186,0.00,0.12000000
165748f588db7f3c7ac310c6d44d49021f562d0b02c0e9d34983f44d9bfd8434,Swap,2026-08-07 00:22:10,0.00000053,,0.00000000,-0.00001082,0.00,0.69740565
fedd49e42aaa5cd48158b448d118a66de2bedea9e0143c48fdf4c0e7819b0e8b,Swap,2026-08-07 00:24:10,0.00000053,,0.00000000,-0.00001082,0.00,0.69702058
3b8ba9947d8a5d4804e36d64429669fb65a9a71fc3433fa8e9ec79e293e08c9e,Swap,2026-08-07 00:30:10,0.00000053,,0.00000000,-0.00002084,0.00,1.34390521
8f1e249bb84cfa4acbcb5b89a8e6891c5690923ff2b43219b8752813b1232fd6,Swap,2026-08-07 00:31:10,0.00000053,,0.00000000,-0.00001082,0.00,0.69766055
c1dcd91ee2475b5fa842431b20aacfbc6fe3beaa306a31926e01fa42b11d9444,Swap,2026-08-07 01:17:10,0.00000053,,0.00000000,-0.00003101,0.00,2.00000000
be0b7f46d796229f9c2ea922b8d4ddbf281bfe2bdf33231fa3bbef11761eed34,Swap,2026-08-07 03:21:10,0.00000053,,0.00000000,-0.00380926,0.00,246.00000000
893d1c65a7cd77596a1768cb4b38fb809ca3329e7459c5c37987d238abb2d520,Swap,2026-08-08 17:11:10,0.00000053,,0.00000000,-0.00001082,0.00,0.70619127
9526647edeeedf2a267cc1f46b9d7339d755fe510981f2f4f5d36d3c3362ea0f,Swap,2026-08-09 10:01:10,0.00000046,,0.00000000,-0.00001241,0.00,0.80846221
9f116f96ec0cc4998e7c1a099ebe928a25072d8f11c47c4216cd5670ea3722e1,Sent,2026-08-09 14:52:10,0.00000102,,0.00000000,-0.00000102,0.00,-180.00000000
0fccd17dee9e51f27a345c9919bb889e812c7c8dbbc433afdf433b6014fb430c,Sent,2026-08-10 08:49:10,0.00000026,,0.00000000,-0.00001026,0.00,0.00000000
745b849f4c0131a712cc8bc94ec531e4b21b2fe2cabe035a6267b2ebd2e71d71,Swap,2026-08-10 08:55:10,0.00000046,,0.00000000,-0.00027656,0.00,18.03995373
2389f4a9afab3dfc479b84258f1a81ddd31745116fa62be3f19121d9a1ab326c,Swap,2026-08-10 09:02:10,0.00000183,,0.00000000,-0.00577203,0.00,376.67543592
f17bb69a8c800fa2ddd0ac3dc58a9d7d5876f6fb95109812d40ef4b50d1c7217,Swap,2026-08-10 15:58:10,0.00000053,,5.00000000,-0.00001381,0.00,0.00000000
e4532af59646286495b77149a863b0580296946c8910e36024bcac6d9c28b6a8,Swap,2026-08-10 16:56:10,0.00000053,,484.00000000,-0.00133695,0.00,0.00000000
707b2ec8f87f894bf4e52a0fe4778e91e245c43fac18bdacb1f6b4223087eca8,Swap,2026-08-10 17:07:10,0.00000067,,-509.86000000,0.00152816,0.00,0.00000000
3a895f39df004f72601d63d7269fa761c9277575330ee40457547127e9ecdd0e,Swap,2026-08-13 04:21:10,0.00000080,,0.00000000,-0.07810370,0.00,4981.11788750
2fbf02c3567c5bd01c86053f829eb4f2e6d81af422fab21b06fad5f2cadc2a63,Swap,2026-08-13 04:27:10,0.00000046,,0.00000000,-0.02085671,0.00,1330.15136465
d9dfada06206aa09afb169851298ff3c8942dd15ce180f6c1d7cb47847602563,Swap,2026-08-13 04:28:10,0.00000053,,0.00000000,-0.00001082,0.00,0.69005302
dc673ae30f9f8c9c16459cfd3a5288445a6fc693b95f49b5e550f16476a2ca69,Swap,2026-08-13 05:41:10,0.00000046,,0.00000000,-0.00172840,0.00,110.23000000
5f7b8fbeaebe009e507b623f25fcd1e65c456ed1b6e6f85fc2d586a161d09609,Swap,2026-08-13 13:40:10,0.00000122,,0.00000000,0.10967307,0.00,-6963.55431284
90e54d4e2f96ef8642a9ffd762c4f322a183001bcc0dda0e3930f1488a7cd0d7,Received,2026-08-15 18:08:10,0.00000083,,0.00000000,0.00000000,0.00,4.21611881
b4b54d3a7e90a85f61d8676836b482db7095eda05e91392c4665c6fe9970eb3f,Sent,2026-08-17 15:51:10,0.00000026,,0.00000000,-0.00001026,0.00,0.00000000
2d86fc8a2b31c15222756fe19770be6fd0905ea553514e857abdf4ea1dccbbba,Sent,2026-08-17 15:52:10,0.00000026,,0.00000000,-0.00001026,0.00,0.00000000
fe06c401cc47a3eaee4a1b2353af3c7738b3ffa345d7051dc9eab6b4c37f9eec,Swap,2026-08-19 12:02:10,0.00000183,,407.50000000,-0.00109184,0.00,0.00000000
98c913e45b8bd78b5c8e298523b1faaec6ac42d0aa590ba8d23f8f1ea051203e,Swap,2026-08-19 12:07:10,0.00000067,,30.05991380,-0.00008010,0.00,0.00000000
1fe2f3768aaf98e1c937d2b490af4eb10480088fe9c6b43db7b645793cf06891,Swap,2026-08-19 12:44:10,0.00000053,,-437.55991380,0.00120634,0.00,0.00000000
d2af947f94a7492b2b0c4ff412a9c0f2e8240477820121c34c259f3ebae584b5,Swap,2026-08-19 13:05:10,0.00000053,,133.94999999,-0.00034568,0.00,0.00000000
6ebf5d5d89bc799b753e85e7fca4dce1293f3a54ce5d5cb1137f7436eda7c591,Swap,2026-08-19 13:05:10,0.00000087,,3888.55272040,-0.01002101,0.00,0.00000000
042787ea1d6c6268d22dd477488dd42a813c83588752a496d1d07f6170d283ba,Swap,2026-08-19 13:14:10,0.00000046,,33.03000000,-0.00008519,0.00,0.00000000
15730c4c898ba6062e820b7f5c6942feb4ec6ef9e92faca40ae6dfcf87db4eab,Swap,2026-08-19 13:19:10,0.00000053,,8.46450000,-0.00002184,0.00,0.00000000
2e1adf2b6e94874ccaed270380b677a833e8e4ac5ab9b8fae566de39abb0480d,Swap,2026-08-19 13:32:10,0.00000073,,1461.48794126,-0.00375370,0.00,0.00000000
97ec8eddaea52a8827575c16bdfde04b4604a56cdc3a60a206b79e7af0f75148,Swap,2026-08-19 13:34:10,0.00000046,,453.24000000,-0.00116639,0.00,0.00000000
4844351967393acc813844daf8519d7855708d844d589ca10e94c6e3b334483c,Swap,2026-08-19 13:49:10,0.00000081,,-5978.72516165,0.01653016,0.00,0.00000000
2d725643c65eae45c8f76ad603f76de87e59bf502269027b72179c8e3356c36d,Swap,2026-08-19 14:59:10,0.00000060,,7.53350000,-0.00001954,0.00,0.00000000
fd6f197812c9fb782d6d899cadd4e9ef69581951504055d722f64b2106d36f94,Swap,2026-08-19 15:01:10,0.00000053,,20.00000000,-0.00005188,0.00,0.00000000
de994265928f1e424ea5279e578315abb686e1e6dda85acc05165ee1fdba93aa,Received,2026-08-19 16:23:10,0.00000054,,0.00000000,0.00000000,0.00,107.94301238
149b915d9b69d11d41e39f518290feeadec004f474304f087ab1402da6d6b7f3,Swap,2026-08-20 09:44:10,0.00000046,,72.88040000,-0.00017870,0.00,0.00000000
fd373982ebc32ea8e1a7d95b8cb8fdb6864bc7562774724bd1f9da62a2453807,Swap,2026-08-20 09:45:10,0.00000060,,-100.41390000,0.00026406,0.00,0.00000000
3979c50efb01780d81ada029389ad167feb5e79a9745961706aa0ae01a3f57cf,Sent,2026-08-21 09:49:10,0.00000053,,0.00000000,-0.00000053,0.00,-5.00000000
1c4b9593cd3df834aef6629d24a8fce05259299505198ee959afa6766b656b55,Swap,2026-08-21 11:06:10,0.00000053,,0.00000000,-0.00005090,0.00,3.91789493
02c76298d2adc8ea1647a6fd210fd05c2e5d6368accadc0679cbbd6a572b58d8,Swap,2026-08-21 11:18:10,0.00000060,,0.00000000,-0.00026016,0.00,20.00000000
66cb03a44c15bf2a7a6604aa3c43b2f8f64b4dbe5ea2d404e3ed0c66ad61c829,Swap,2026-08-21 11:22:10,0.00000046,,0.00000000,-0.00003243,0.00,2.48721015
b4edb2aab16630b8eff45a4eac0d51333715d83f727f79536be2dcddf3a75ea0,Swap,2026-08-21 11:23:10,0.00000053,,0.00000000,-0.00064990,0.00,50.00000000
e9df9b158e79e3dc36c16a4b7a6d120a02aaadcb26b876adca7557b443925eeb,Swap,2026-08-21 11:30:10,0.00000053,,0.00000000,-0.00998675,0.00,770.80850774
c52bca736bfb444b5cceeeec5ffa2cd4731949ca682eff99fc5a1b2da362dc67,Swap,2026-08-21 11:43:10,0.00000053,,0.00000000,-0.00031505,0.00,24.27888542
c158472cd6176b57243d4fe39a9eab306d8f0ac146c9f4c400ea98957aa98eee,Swap,2026-08-21 11:47:10,0.00000053,,0.00000000,-0.03084641,0.00,2383.73947598
29f65580e7297cd3035bcaa3af8730eea3a79d1db23962e33b1d5e38e9bd0c82,Swap,2026-08-21 11:56:10,0.00000053,,0.00000000,-0.00129297,0.00,100.00000000
6a68fb66c677d34dcc1e94e9e759fba12d35773a94a9e13729f227bf0048bb94,Swap,2026-08-21 11:59:10,0.00000046,,0.00000000,-0.00006884,0.00,5.33057694
ac0a444312fd88f49999d926f4360f074854901b2d08f2c515259d97c586ce8e,Swap,2026-08-21 12:08:10,0.00000053,,0.00000000,-0.00001288,0.00,1.00000000
8c686389ab69bb2a94f3bc570301552154a243626dc35e748cec4932993922de,Swap,2026-08-21 12:12:10,0.00000060,,0.00000000,-0.02370856,0.00,1843.47531169
9184d899ae5110f403750899d23925ffe56530586ee660caffc824607ddc9c2e,Swap,2026-08-21 12:24:10,0.00000053,,0.00000000,-0.00385774,0.00,300.00000000
f72295f59121e1964f31aeaccb85eca47bc05afa52120c3b2966349a6fe958c3,Swap,2026-08-21 12:33:10,0.00000081,,0.00000000,-0.00385774,0.00,300.00000000
e6c6da47e3fb1198c1113f3d91835da166c0ade0763f6972f2464fded8d446c3,Swap,2026-08-21 13:15:10,0.00000067,,0.00000000,-0.00129944,0.00,100.00000000
528ec9330ef5f0b73538b14a55bf0c8b19daf307a58247689391fdb31460c54a,Swap,2026-08-21 14:53:10,0.00000053,,0.00000000,-0.00005813,0.00,4.50508310
59290fdff0142d217fb498c957e7350d42e1f5b1e172219e954f3cd133f793b4,Swap,2026-08-21 15:26:10,0.00000053,,0.00000000,-0.00006453,0.00,5.00000000
a38c86a5d943c025fe4c25232e0ff8b789ca048ef7b0b1e8da2bca49c2bef323,Swap,2026-08-21 16:39:10,0.00000046,,0.00000000,-0.00001662,0.00,1.28476780
a0ca874b8f314423dbb46cae25f4f6003ca9935ede1bba15a5402ab365410f68,Swap,2026-08-21 17:23:10,0.00000046,,0.00000000,-0.00002072,0.00,1.60668534
240c03a88c6844a11418e0f1716e4f7c4d5bc471cfa36bb2b84127fe8e7936a5,Swap,2026-08-21 17:26:10,0.00000046,,0.00000000,-0.00004448,0.00,3.45087790
88d0abf70cbc053ed885ebf36ca7632819c20ad6aa3e4aa8b0eda5d63f2d8daf,Swap,2026-08-21 17:32:10,0.00000060,,0.00000000,-0.00000761,0.00,0.59000000
d63d6b3119e9193190d590e05372c3e44f32e814a972b894d82cb0befb9f1cd4,Swap,2026-08-21 17:41:10,0.00000060,,0.00000000,-0.00005075,0.00,3.93339496
3f89ff352fd2f84307057488e3d84a138b1886946706899c10b6e35917497e0b,Swap,2026-08-21 17:43:10,0.00000108,,0.00000000,-0.00751643,0.00,582.82000000
3af9be9633be7521e0202ecbe2bc668e2615e449a6ac3b453e07759da14c0c41,Swap,2026-08-21 18:09:10,0.00000087,,0.00000000,-0.03504275,0.00,2716.73958326